L1-APD1,L1-APD2,L2-APD1,L2-APD2,L3-APD1,L3-APD2,L4-APD1,L4-APD2
0.0024044799804687645,0.0036663818359375117,0.0006124877929687411,0.0011578369140625138,0.0028277587890625042,-0.00881408691406251,-0.004096679687500014,0.04637237548828125
0.0022787475585937505,0.003553466796875024,0.000681152343749972,0.0011721801757812577,0.002445983886718763,-0.011674804687500009,-0.0038006591796875284,0.04461120605468755
0.0024343872070312633,0.003554382324218775,0.0006683349609375028,0.0010070800781249896,0.002442321777343758,-0.014407043457031272,-0.0038436889648437687,0.05220123291015626
0.0023632812500000086,0.003565673828125022,0.0005691528320312302,0.0010552978515624995,0.005481262207031256,-0.00833526611328126,-0.0019488525390625195,0.04735595703124999
0.002452697753906259,0.0034637451171875312,0.000745239257812504,0.0011187744140625042,0.0007006835937499838,-0.01161499023437501,-0.003443603515625008,0.04960327148437506
0.0024801635742187356,0.0035598754882812684,0.0007244873046874899,0.001112365722656248,0.00016235351562500326,-0.008696289062500015,-0.0025872802734375182,0.04976318359375011
0.002579040527343748,0.003473510742187512,0.0006387329101562485,0.001030273437500005,2.3498535156228628e-05,-0.00828796386718751,-0.0025665283203125146,0.04867858886718752
0.0024584960937500157,0.003506774902343789,0.0007473754882812416,0.001159667968750007,0.005524291992187501,-0.005902099609375015,-0.004688720703125031,0.04818084716796885
0.0024047851562499917,0.0033868408203125075,0.0006488037109374928,0.0010275268554687522,0.005442504882812492,-0.006247253417968779,-0.004855041503906263,0.046650390625000024
0.0025238037109375066,0.003570251464843799,0.0006988525390624872,0.001140441894531245,0.00508972167968751,-0.006275329589843771,-0.004715881347656275,0.04801849365234376
0.0025469970703125167,0.0033819580078125154,0.0008108520507812342,0.0010229492187499942,0.005009460449218742,-0.006117248535156255,-0.004907836914062531,0.048432617187499985
0.0024783325195312476,0.003533325195312525,0.0006393432617187392,0.001055297851562503,0.005381164550781253,-0.006195373535156264,-0.005033264160156257,0.048088989257812575
0.0024191284179687494,0.003500976562500039,0.0007055664062499967,0.0010116577148437701,0.005187072753906247,-0.006015014648437508,-0.004941101074218768,0.048317565917968805
0.0024755859374999984,0.0034719848632812616,0.0007495117187500035,0.0010714721679687643,0.0052029418945312485,-0.006278686523437511,-0.004773254394531275,0.04790222167968752
0.002475280761718754,0.003398437500000028,0.0006915283203125025,0.0010433959960937326,0.005304565429687493,-0.0059136962890625235,-0.004826354980468779,0.047596130371093816
0.0024624633789062517,0.0033834838867187605,0.0007855224609374881,0.0011080932617187622,0.005418090820312504,-0.005965270996093777,-0.005035095214843768,0.047864074707031364
0.0024108886718749983,0.003432006835937508,0.0006976318359374987,0.0010919189453125044,0.005369262695312502,-0.006011047363281268,-0.004922790527343764,0.04805114746093757
0.0024285888671875065,0.0034695434570312603,0.0007958984375000047,0.001104125976562521,0.006495056152343755,-0.006154174804687523,-0.00542694091796876,0.04906127929687502
0.0023529052734375007,0.0034594726562500264,0.0007626342773437485,0.0011160278320312533,0.0053656005859374824,-0.006050415039062522,-0.0047067260742187835,0.04692230224609378
0.002506408691406257,0.003456726074218772,0.0007977294921875083,0.0011398315429687472,0.005336303710937492,-0.00621826171875001,-0.004588012695312508,0.04657287597656249
0.002521362304687509,0.0034066772460937603,0.000855102539062489,0.0011486816406249996,0.0054110717773437535,-0.006067199707031267,-0.004607543945312528,0.046635131835937524
0.002438354492187508,0.003464965820312518,0.0007711791992187512,0.0010888671875000176,0.0053927612304687424,-0.006150512695312516,-0.004256591796875014,0.04658447265624996
0.0026156616210937476,0.0034875488281250287,0.0007885742187499975,0.0010171508789062565,0.005244140625000003,-0.006028747558593766,-0.004267272949218769,0.04555664062500002
0.0025585937500000044,0.003379516601562502,0.0007763671874999999,0.0010931396484374876,0.005458679199218743,-0.005904235839843765,-0.004312438964843773,0.04464477539062504
0.002717895507812493,0.0034750366210937866,0.0008493041992187374,0.0011199951171875222,0.00552703857421875,-0.005894470214843774,-0.00455596923828127,0.044606628417968745
0.002521972656249984,0.00338226318359376,0.0008413696289062567,0.0010134887695312563,0.0060705566406250005,-0.006381835937500023,-0.004915466308593767,0.046490783691406246
0.002325744628906251,0.003467712402343748,0.0008120727539062365,0.0011480712890625001,0.005373535156249989,-0.005976562500000015,-0.004223327636718765,0.04598022460937507
0.0025466918945312583,0.003437194824218776,0.0007568359374999951,0.0010629272460937565,0.005631103515624982,-0.006773071289062507,-0.006210937500000024,0.047729797363281284
0.0025662231445312492,0.0034640502929687723,0.0007626342773437451,0.0011340332031249956,0.005501403808593744,-0.00627990722656253,-0.004368896484375006,0.04570739746093759
0.0025051879882812614,0.00340179443359377,0.0007992553710937413,0.0011639404296874822,0.005426940917968743,-0.006087036132812517,-0.004060668945312519,0.04584228515625004
0.0025988769531249886,0.0033886718750000093,0.0006750488281249915,0.0011102294921875137,0.005538330078124995,-0.005826721191406288,-0.004336547851562523,0.04587554931640634
0.002476196289062517,0.0034921264648437554,0.0007312011718749942,0.001128234863281249,0.0053631591796874985,-0.006058044433593779,-0.004070739746093779,0.04545776367187507
0.0025164794921875185,0.0035443115234375117,0.0008322143554687546,0.0011172485351562504,0.005596923828124994,-0.005673217773437522,-0.003963012695312516,0.04552276611328129
0.0024774169921875124,0.0034564208984375257,0.0008413696289062376,0.0012255859375000077,0.0055972290039062525,-0.006151733398437503,-0.0041442871093750056,0.04555816650390626
0.002594909667968749,0.0034185791015625185,0.0006918334960937435,0.001148986816406251,0.00551727294921874,-0.005860290527343784,-0.004291992187500008,0.04545501708984383
0.0025115966796875125,0.003440246582031249,0.0008386230468749901,0.0011453247070312682,0.005733642578124995,-0.005903015136718766,-0.00456512451171877,0.04603942871093754
0.0026791381835937576,0.0034692382812500106,0.0008135986328125129,0.0011575317382812762,0.005858459472656253,-0.005941467285156281,-0.004588623046875025,0.0421890258789063
0.002590332031250005,0.0034750366210937883,0.0010726928710937458,0.0011550903320312524,0.006054687499999994,-0.00582275390625,-0.0054309082031250185,0.046220397949218756
0.0026419067382812515,0.003410034179687516,0.0009143066406249994,0.0012289428710937633,0.0069036865234375095,-0.006406250000000016,-0.005644836425781256,0.04724395751953127
0.002506713867187505,0.0034008789062500485,0.0007342529296874897,0.0011141967773437723,0.006988830566406257,-0.0070404052734375205,-0.006710205078125021,0.047877197265625115
0.0024996948242187508,0.003420410156250029,0.0006994628906249849,0.0011709594726562623,0.007036743164062494,-0.006821594238281258,-0.006619567871093773,0.04833221435546876
0.0025357055664062492,0.003414001464843764,0.0008938598632812576,0.001141357421875001,0.007020568847656247,-0.007362976074218765,-0.006893005371093778,0.04824157714843761
0.0025573730468749934,0.0034619140625000294,0.0009014892578124885,0.001149291992187513,0.007084960937500011,-0.0072006225585937705,-0.0068710327148437805,0.04782501220703131
0.002726440429687508,0.0033862304687500167,0.0007662963867187556,0.0011776733398437544,0.007113952636718749,-0.007213745117187521,-0.006667480468750023,0.04804687500000006
0.0025912475585937456,0.0034371948242187863,0.0007873535156249899,0.0011737060546875028,0.006946411132812502,-0.0073330688476562714,-0.006830749511718763,0.04770172119140636
0.0024829101562499935,0.0034124755859375154,0.0009219360351562303,0.0012194824218750063,0.007053833007812505,-0.00732696533203127,-0.006983642578125015,0.04803497314453137
0.0025500488281250087,0.003370971679687515,0.0007995605468749944,0.0011373901367187425,0.007202758789062506,-0.007587890625000019,-0.007120056152343773,0.04810302734375014
0.0024377441406249964,0.003363342285156284,0.0007235717773437546,0.0011730957031250086,0.007171020507812495,-0.007457885742187512,-0.0068310546875000235,0.04793029785156255
0.0024426269531250006,0.0033734130859375128,0.0008700561523437532,0.001227111816406272,0.007380981445312499,-0.007450866699218768,-0.007053222656250024,0.048666687011718765
0.002537536621093758,0.0034722900390625217,0.000812988281249984,0.001139526367187487,0.007382812500000002,-0.007590332031250006,-0.007214965820312507,0.04792999267578131
0.002543945312500002,0.0034402465820312592,0.0007931518554687537,0.0011941528320312447,0.007232360839843745,-0.007532348632812512,-0.007189636230468782,0.047947082519531344
0.0026635742187500096,0.003375244140625032,0.0009121704101562374,0.0011398315429687368,0.00729278564453124,-0.007512512207031254,-0.007089843750000024,0.04790771484375009
0.002480468750000008,0.0034127807617187807,0.000786132812499998,0.0012368774414062492,0.007425231933593738,-0.007644653320312531,-0.007344970703125011,0.04727416992187506
0.0025561523437499945,0.0034786987304687815,0.0007473754882812381,0.0011694335937499946,0.007307434082031243,-0.007608337402343771,-0.007153930664062516,0.048393859863281215
0.0025408935546874997,0.00345001220703128,0.0007455444335937519,0.0011746215820312728,0.007395324707031255,-0.00785095214843752,-0.007114257812500019,0.048199462890625024
0.002596740722656251,0.003401489257812536,0.0008172607421874974,0.0012008666992187628,0.0074752807617187375,-0.0077749633789062685,-0.0073208618164062635,0.047934265136718834
0.0024508666992187553,0.0034555053710937644,0.000956420898437501,0.0011837768554687593,0.007365112304687511,-0.0074780273437500076,-0.007113342285156258,0.04812591552734382
0.002669372558593749,0.003406982421875031,0.0008990478515624872,0.0011862182617187553,0.007332458496093736,-0.00762878417968752,-0.007232971191406286,0.04782196044921882
0.002492980957031255,0.003433532714843753,0.0007809448242187492,0.00123352050781249,0.007421874999999998,-0.0074926757812500255,-0.007295837402343769,0.047749633789062565
0.0024255371093750092,0.0033557128906250375,0.000722351074218754,0.0012225341796875313,0.007515869140624978,-0.007600097656250016,-0.007118530273437512,0.047772827148437544
0.002491760253906258,0.00334747314453125,0.0007711791992187338,0.0012875366210937638,0.007529907226562492,-0.007693176269531267,-0.007278137207031268,0.04755767822265626
0.002477111816406247,0.003415832519531266,0.0008941650390624934,0.0012469482421875178,0.007460327148437494,-0.007643127441406272,-0.007268066406250015,0.04777923583984384
0.002391052246093749,0.003464355468750015,0.0008062744140625022,0.001305236816406265,0.007342834472656235,-0.007593383789062524,-0.007206726074218784,0.047332763671875104
0.0025619506835937444,0.0033984375000000126,0.0008599853515624967,0.0012448120117187437,0.007476196289062497,-0.00786590576171876,-0.007143859863281261,0.04700622558593749
0.0025537109374999985,0.003409118652343772,0.0009701538085937454,0.0012319946289062658,0.007593078613281241,-0.007634887695312512,-0.0070599365234375235,0.04759429931640632
0.0025833129882812406,0.0034353637695312793,0.0008551025390625029,0.0011868286132812583,0.007299194335937521,-0.007503967285156265,-0.0071472167968750135,0.04696350097656252
0.0026324462890625067,0.0034445190429687675,0.0008660888671875103,0.0012554931640625065,0.007374572753906241,-0.006860656738281259,-0.007230529785156255,0.04630706787109375
0.002482604980468761,0.003369445800781282,0.0009542846679687546,0.0012487792968749935,0.007218322753906242,-0.006794128417968769,-0.0075280761718750176,0.04646972656250003
0.0025271606445312553,0.003343811035156267,0.0008416748046875117,0.0012628173828125033,0.007315979003906252,-0.0068157958984375305,-0.007390136718749994,0.045945129394531346
0.0026074218750000034,0.0033755493164062695,0.0010028076171875004,0.0012097167968750273,0.007341918945312486,-0.006723632812500029,-0.007538146972656246,0.04621032714843758
0.0026358032226562415,0.00341613769531254,0.0008486938476562518,0.0012622070312500264,0.007332763671875018,-0.007291259765625013,-0.007098388671875027,0.04620971679687507
0.0024618530273437522,0.0034075927734375077,0.0007287597656249999,0.00119628906250001,0.007238159179687514,-0.007642517089843757,-0.007619934082031269,0.04757476806640633
0.0026049804687499935,0.0033682250976562692,0.0009017944335937642,0.0012173461914062513,0.007232666015625007,-0.007415771484375007,-0.007684326171875011,0.047834777832031286
0.002651977539062489,0.0033901977539062735,0.0008001708984374974,0.0011917114257812469,0.007315673828125004,-0.007542724609375011,-0.0076507568359375205,0.047742614746093814
0.002583007812499996,0.003228149414062506,0.0009875488281250004,0.0012600708007812576,0.007400512695312491,-0.007477416992187501,-0.007623291015625016,0.047896728515625084
0.002562561035156256,0.003452148437500026,0.0009930419921874989,0.0012252807617187476,0.007122802734375003,-0.007707214355468764,-0.007862548828125029,0.04767395019531258
0.0025238037109374997,0.003369140625000027,0.0008807373046875022,0.0011987304687500182,0.007268066406250001,-0.007653198242187539,-0.0076025390625000175,0.04745635986328135
0.002573242187500005,0.0034286499023437507,0.0009027099609375134,0.0012286376953125101,0.007349548339843746,-0.00746917724609375,-0.007473144531250012,0.047686157226562595
0.0026202392578125126,0.0033944702148437696,0.0008663940429687461,0.0012942504882812664,0.007227783203124992,-0.007416992187500032,-0.007832641601562522,0.04764770507812509
0.00249267578125,0.00342926025390629,0.0008596801757812505,0.0012738037109375037,0.007312011718749983,-0.0076037597656250025,-0.007539367675781266,0.04754608154296881
0.002612304687499999,0.0034179687499999965,0.0010052490234375051,0.0012246704101562603,0.00742828369140624,-0.007567138671875017,-0.007537841796875028,0.04765899658203133
0.0025784301757812555,0.003383789062500017,0.0007043457031249995,0.0012515258789062653,0.007432250976562499,-0.007622680664062518,-0.007611999511718769,0.04729156494140632
0.002411193847656253,0.0034054565429687683,0.0009426879882812392,0.0012435913085937673,0.007167053222656261,-0.007365722656249992,-0.007698059082031257,0.0473880004882813
0.0025588989257812507,0.003424682617187527,0.0010076904296875081,0.0011444091796875035,0.007382812499999995,-0.007447204589843763,-0.007319641113281263,0.04768341064453133
0.002502746582031241,0.0034475708007812612,0.0009527587890624887,0.0013153076171875076,0.007372741699218751,-0.007499389648437516,-0.00744720458984377,0.046764526367187496
0.002446899414062495,0.003435974121093739,0.0010626220703124911,0.0012313842773437906,0.007025146484374989,-0.007518005371093777,-0.007278442382812505,0.04705780029296876
0.0026098632812500064,0.00339233398437502,0.0009133911132812485,0.0013153076171874938,0.007387390136718746,-0.007336730957031265,-0.007537231445312511,0.046253967285156315
0.002637634277343745,0.0033605957031250123,0.0009497070312499897,0.0012664794921875104,0.007103881835937499,-0.006802978515625006,-0.007393798828125027,0.04587951660156259
0.002443237304687512,0.003442687988281264,0.0009124755859374872,0.0012265014648437343,0.007283630371093749,-0.006765441894531278,-0.007539672851562524,0.04634857177734383
0.002569885253906251,0.00346496582031253,0.0007803344726562324,0.0013607788085937527,0.007131958007812484,-0.006723937988281269,-0.007815246582031275,0.04578887939453133
0.002519836425781255,0.0034063720703125366,0.0008227539062500011,0.0012826538085937613,0.0072451782226562456,-0.006533203124999996,-0.00785980224609379,0.04594177246093757
0.002474060058593743,0.00338134765625003,0.0007943725585937353,0.0013354492187499945,0.007200927734375001,-0.006597900390625007,-0.007635498046875017,0.04618621826171879
0.002408447265625016,0.0034658813476562515,0.0010787963867187524,0.0012322998046875155,0.007203369140624997,-0.006668090820312531,-0.007720031738281273,0.04592163085937512
0.0024468994140625106,0.003439025878906262,0.000737915039062495,0.0014044189453125168,0.007257995605468741,-0.0065371704101562685,-0.007681274414062524,0.04591766357421881
0.0024505615234375056,0.003431396484375014,0.0010882568359375008,0.001309814453125004,0.007292480468749998,-0.006577453613281253,-0.007896118164062512,0.04549072265625007
0.0025579833984375085,0.0033074951171875085,0.0008663940429687513,0.0012680053710937712,0.007130737304687492,-0.006789550781250004,-0.007546386718750011,0.045482482910156274
0.0024893188476562533,0.0034912109375000444,0.0009164428710937474,0.0013284301757812648,0.007215576171875,-0.006481323242187517,-0.0072415161132812714,0.04715789794921876
0.0025628662109375127,0.0034408569335937483,0.0009228515624999968,0.001253662109375003,0.007417297363281245,-0.007516479492187523,-0.007339172363281266,0.04704467773437497
0.0025061035156250123,0.0033776855468750314,0.0009576416015624895,0.0013391113281250276,0.0073834228515625,-0.007560729980468776,-0.007559204101562517,0.04693939208984377
0.0028082275390624942,0.0034454345703125375,0.001078186035156246,0.0012960815429687734,0.0072854614257812506,-0.0076361083984375095,-0.0076330566406250175,0.04709228515625007
0.002557983398437493,0.0034561157226562673,0.0008312988281250003,0.0013214111328125038,0.007326965332031242,-0.007613220214843765,-0.00757873535156252,0.04688598632812502
0.0026739501953125036,0.003504943847656294,0.0008502197265624952,0.0013317871093750204,0.007091064453124999,-0.007493286132812518,-0.007444458007812507,0.04672271728515623
0.0026123046875000076,0.0034133911132812715,0.0008731079101562452,0.0013174438476562592,0.007388610839843735,-0.00741210937500001,-0.0073016357421875205,0.047188415527343805
0.0026361083984375016,0.003415222167968775,0.0010348510742187473,0.0014068603515625146,0.007362670898437505,-0.007501220703125014,-0.007444152832031269,0.0467071533203125
0.0025369262695312464,0.0034936523437500214,0.0010726928710937562,0.0012670898437500185,0.007378540039062503,-0.007506103515625017,-0.007384338378906272,0.046847229003906345
0.0025903320312500103,0.0033337402343750124,0.0010437011718750049,0.0012850952148437504,0.007439575195312496,-0.007559204101562508,-0.00736297607421877,0.04672668457031252
0.0025531005859375146,0.0033764648437500325,0.0008563232421874862,0.0013104248046875069,0.007268066406249989,-0.007528686523437531,-0.007560424804687511,0.046388244628906276
0.002514953613281256,0.0034112548828125304,0.0007052612304687504,0.0013208007812500165,0.007120361328124998,-0.007391357421875007,-0.007208862304687529,0.046758422851562495
0.0028207397460937485,0.0033877563476562723,0.0010128784179687482,0.001286621093750006,0.007258605957031249,-0.007665100097656268,-0.007418518066406256,0.04676269531250004
0.0026467895507812454,0.0034619140625000225,0.0009374999999999956,0.0012783813476562617,0.007333984374999993,-0.007649230957031274,-0.007459716796875002,0.04621398925781252
0.0026419067382812515,0.0034042358398437608,0.0008767700195312662,0.0014044189453125359,0.007493591308593747,-0.007547302246093771,-0.007315979003906278,0.046740417480468734
0.0026232910156249976,0.0032553100585937765,0.000786132812499991,0.0013696289062500207,0.007509765624999987,-0.007740783691406256,-0.00759368896484376,0.04167938232421878
0.002734069824218758,0.003273925781250006,0.0009191894531250001,0.0012725830078125222,0.007427978515624994,-0.00757110595703127,-0.0073275756835937764,0.04646911621093752
0.0027069091796875014,0.0032531738281249955,0.0009570312499999831,0.0013345336914062506,0.007297363281250009,-0.007464904785156268,-0.007529907226562528,0.04631713867187503
0.0024963378906250073,0.003304138183593751,0.0008499145507812542,0.0013919067382812556,0.007484741210937488,-0.007536010742187507,-0.007283630371093759,0.04630096435546882
0.002554931640625013,0.0034176635742187798,0.0009442138671874982,0.0013473510742187562,0.007469177246093748,-0.007589416503906264,-0.007378845214843761,0.046584472656250014
0.002772521972656249,0.003402099609375023,0.0009756469726562422,0.00131896972656252,0.007437438964843741,-0.007699890136718771,-0.007323913574218771,0.046392822265625036
0.0027221679687500083,0.003422546386718779,0.0009188842773437435,0.0013137817382812538,0.0075286865234374875,-0.007503051757812523,-0.007364501953125007,0.046336364746093775
0.002521972656249998,0.0033416748046875173,0.0009045410156249944,0.001360778808593796,0.007539062500000004,-0.007519226074218765,-0.007205810546875021,0.04672821044921879
0.0025939941406250104,0.003352966308593783,0.0009048461914062493,0.0013320922851562632,0.007358093261718749,-0.007689208984375017,-0.007234497070312519,0.04619384765625002
0.0025402832031250037,0.0034683227539062667,0.0009649658203125105,0.0013677978515625137,0.0076046752929687465,-0.0075387573242187665,-0.007191772460937518,0.04635253906250008
0.0025915527343749953,0.003349304199218762,0.0010598754882812558,0.001361389160156273,0.007584838867187495,-0.0076684570312500165,-0.00704681396484378,0.04609252929687508
0.002574462890625004,0.003384399414062522,0.0008743286132812493,0.001383056640625024,0.0074295043945312444,-0.007690429687500014,-0.007242126464843778,0.04597625732421882
0.002470397949218746,0.003381347656250016,0.0010287475585937442,0.0013665771484375113,0.007503051757812502,-0.00737274169921876,-0.007000122070312538,0.045980834960937536
0.002592163085937524,0.00338195800781251,0.0009564208984374975,0.0012731933593750112,0.007666320800781249,-0.007523803710937513,-0.007172241210937539,0.046212158203125034
0.002573242187500005,0.003372802734375029,0.0009844970703124963,0.0013870239257812462,0.007522583007812493,-0.00748626708984375,-0.007197570800781261,0.04575622558593752
0.0026416015624999983,0.00344512939453126,0.0009030151367187388,0.0012756347656250073,0.007374572753906244,-0.007562561035156264,-0.007178955078125016,0.04630584716796882
0.0026065063476562525,0.0033178710937500164,0.0009429931640624889,0.0012106323242187505,0.0074722290039062386,-0.0076718139648437635,-0.007247924804687516,0.04616455078125006
0.0025836181640625077,0.0033392333984375317,0.0008663940429687357,0.0014028930664062595,0.007500915527343735,-0.007666931152343756,-0.007264099121093758,0.046228332519531345
0.002578735351562512,0.0033779907226562725,0.000908813476562494,0.0013659667968750119,0.007527465820312497,-0.007661132812500016,-0.007096252441406258,0.04614227294921877
0.002594604492187517,0.003384704589843763,0.0010256958007812522,0.0014273071289062755,0.007642822265624991,-0.007679138183593776,-0.007216491699218773,0.04595733642578133
0.002641296386718754,0.0033654785156250235,0.0009399414062499795,0.0014321899414062728,0.007536010742187498,-0.007467346191406253,-0.0071295166015625175,0.04582885742187503
0.0026394653320312555,0.0033557128906250167,0.001019287109374982,0.0012942504882812664,0.007372131347656248,-0.0075070190429687485,-0.007336730957031263,0.04582702636718762
0.002615966796874999,0.0033630371093750187,0.0009539794921875015,0.0014352416992187717,0.007377319335937507,-0.007450866699218774,-0.007308044433593763,0.04558715820312505
0.002520446777343756,0.0033905029296875267,0.000984802246093746,0.0012979125976562717,0.007573852539062488,-0.007268981933593785,-0.0068041992187500375,0.04592956542968755
0.0027804565429687487,0.0033810424804687524,0.001090393066406235,0.0015249633789062474,0.007392883300781248,-0.007440795898437521,-0.006993408203125013,0.04493865966796876
0.002558593750000006,0.003498840332031272,0.0009613037109374983,0.0013070678710937478,0.007464904785156245,-0.007232360839843768,-0.0069839477539062715,0.04553588867187508
0.002743225097656253,0.003390808105468766,0.0009515380859374863,0.0013336181640624997,0.007544860839843747,-0.007576904296875011,-0.007090454101562511,0.0460186767578126
0.0024481201171875026,0.0034252929687500194,0.000968627929687509,0.0012780761718749895,0.0076751708984374965,-0.007640686035156273,-0.007370910644531256,0.04591156005859386
0.002604370117187513,0.003399658203125027,0.0009753417968749959,0.0013552856445312646,0.007533264160156242,-0.007389221191406274,-0.007345275878906267,0.0455780029296876
0.00256958007812501,0.0033908081054687816,0.0009399414062500021,0.0013879394531250266,0.007497558593750007,-0.007446594238281269,-0.00715698242187502,0.04585266113281257
0.002510986328124994,0.0034201049804687793,0.0010162353515624934,0.0013632202148437574,0.0076116943359374935,-0.00757843017578126,-0.007224426269531273,0.045731506347656325
0.0027206420898437545,0.0033847045898437803,0.001053771972656256,0.0013504028320312708,0.007646789550781253,-0.00761932373046877,-0.007236328125000021,0.046059265136718826
0.0026040649414062565,0.00340759277343752,0.0009585571289062594,0.0013586425781250012,0.007397460937499994,-0.007507629394531288,-0.007036437988281265,0.046123962402343795
0.0026559448242187717,0.0034387207031250453,0.0009957885742187603,0.0014266967773437621,0.0074462890625,-0.00745819091796876,-0.007258605957031244,0.04548980712890634
0.0026705932617187445,0.003319702148437508,0.000992431640624989,0.0014181518554687682,0.007639160156249993,-0.007568054199218769,-0.007294921875000023,0.04582366943359384
0.0026046752929687507,0.0033718872070312537,0.0010681152343749948,0.0013168334960937701,0.007595825195312492,-0.007615051269531277,-0.0072827148437500135,0.045504760742187594
0.0026129150390625036,0.003402709960937521,0.0009402465820312431,0.0014318847656250022,0.007608947753906262,-0.00760711669921877,-0.007168579101562524,0.04541564941406254
0.002590026855468757,0.00340270996093754,0.0009811401367187458,0.00133087158203128,0.007556762695312505,-0.007554626464843769,-0.007130737304687518,0.04557739257812507
0.0026290893554687667,0.0034387207031250228,0.0009164428710937405,0.0012997436523437631,0.007523498535156254,-0.007503051757812504,-0.0070639038085937664,0.04192749023437496
0.002619628906250006,0.0034838867187500146,0.0010504150390624849,0.0014010620117187768,0.0074884033203124895,-0.007569885253906261,-0.007053222656250024,0.04534301757812505
0.002633056640625006,0.003435668945312534,0.0010153198242187356,0.0013388061523437588,0.0075015258789062605,-0.007787170410156273,-0.006971740722656269,0.04530609130859381
0.0026651000976562443,0.0034237670898437586,0.0008258056640624983,0.0014538574218750152,0.007494812011718749,-0.007740783691406256,-0.0071456909179687614,0.04549072265625004
0.0027597045898437693,0.0034216308593750227,0.0009631347656250053,0.0014089965820312696,0.00759674072265624,-0.007630004882812534,-0.007202758789062506,0.04556121826171881
0.002596435546875003,0.0033340454101562778,0.0008392333984374861,0.0013595581054687625,0.007644042968750009,-0.007529907226562533,-0.007371520996093749,0.04529357910156252
0.0028002929687499963,0.0034512329101562666,0.0009393310546875044,0.0013696289062500016,0.0072357177734374955,-0.007489624023437516,-0.007347412109375012,0.04534057617187498
0.002749938964843754,0.0034744262695312732,0.0009555053710937466,0.0013534545898437403,0.007666625976562492,-0.00769683837890627,-0.007225036621093755,0.045252075195312574
0.0026013183593750037,0.0033224487304687467,0.0011120605468749982,0.0013806152343750055,0.007543640136718752,-0.007819213867187516,-0.006852111816406272,0.04502105712890631
0.002524108886718753,0.0034475708007812803,0.0009967041015624886,0.0014132690429687622,0.007679748535156237,-0.007717895507812518,-0.006899414062500019,0.04546508789062506
0.002534484863281254,0.0034310913085937485,0.0011444091796875035,0.0013815307617187564,0.007583007812499992,-0.00784973144531252,-0.00703125000000002,0.04532318115234377
0.0027215576171875228,0.003377075195312527,0.0010211181640624942,0.0013967895507812616,0.007853393554687517,-0.007756042480468775,-0.007082214355468771,0.04507598876953132
0.002649230957031262,0.0033331298828125112,0.000961608886718741,0.0013787841796874985,0.007805175781249998,-0.007641906738281261,-0.006610412597656268,0.04443267822265627
0.002676086425781255,0.0033840942382812825,0.001028137207031243,0.0013391113281250085,0.0078091430664062374,-0.007916564941406272,-0.006709289550781266,0.04406433105468757
0.002625122070312517,0.0033227539062500207,0.0010223388671875121,0.0014495849609375173,0.0077624511718749865,-0.007669372558593771,-0.006900329589843771,0.04418945312500007
0.0026934814453125153,0.0034103393554687812,0.0011315917968750082,0.0014581298828125026,0.0076898193359375006,-0.007810363769531262,-0.0068045043945312664,0.04463470458984376
0.0025793457031250133,0.0033544921875000144,0.0009701538085937437,0.0014117431640625119,0.007825317382812499,-0.00786254882812502,-0.006825256347656248,0.0444168090820313
0.0026672363281250062,0.003418579101562503,0.0010031127929687363,0.0014270019531250153,0.007691650390624992,-0.007804260253906275,-0.006849975585937524,0.04418212890625004
0.002681274414062502,0.0033432006835937608,0.001101989746093747,0.0013766479492187712,0.007844238281249992,-0.007879638671875015,-0.006646118164062513,0.04448181152343753
0.002681274414062502,0.0034393310546875187,0.0010623168945312414,0.0014114379882812639,0.00780426025390627,-0.00790130615234376,-0.006636962890625027,0.04419555664062509
0.0024649047851562633,0.003453674316406266,0.0010986328125,0.0013790893554687482,0.007911682128906257,-0.00774719238281254,-0.00667572021484376,0.0435339355468751
0.0026626586914062517,0.0034228515625000077,0.0009762573242187485,0.0014736938476562489,0.007845458984375006,-0.007965087890625014,-0.006829528808593773,0.04389404296875009
0.0026486206054687576,0.003366699218750017,0.0010293579101562488,0.0014294433593750166,0.00786285400390625,-0.0077832031250000214,-0.006726379394531268,0.04377410888671884
0.0026651000976562478,0.0034268188476562628,0.0009722900390625004,0.0014382934570312672,0.007806396484375002,-0.007801513671875012,-0.006644287109375015,0.04418395996093756
0.0026226806640625034,0.0033755493164062487,0.001147155761718737,0.001465759277343756,0.007810058593750006,-0.007977294921875006,-0.0066760253906250275,0.04405761718750004
0.002762756347656244,0.003478393554687525,0.00119964599609375,0.0013272094726562642,0.007848510742187504,-0.007906188964843762,-0.0067181396484375325,0.04430450439453127
0.00278900146484376,0.0033541870117187716,0.0010278320312499967,0.0014181518554687543,0.007864685058593751,-0.007850646972656264,-0.006645507812500024,0.04403564453125003
0.002708129882812502,0.0034103393554687673,0.0009454345703125023,0.0013992309570312698,0.007871704101562484,-0.007930297851562513,-0.006459960937500019,0.04377532958984387
0.002738342285156261,0.0034030151367187705,0.001001586914062498,0.0014089965820312574,0.007849731445312487,-0.0075958251953125114,-0.006606445312500014,0.04409057617187508
0.002597045898437511,0.0034121704101562848,0.0008941650390624969,0.001358642578125022,0.007768859863281238,-0.007727355957031289,-0.00657684326171876,0.04367462158203135
0.0024377441406250033,0.0034460449218750144,0.0011199951171874997,0.0014318847656250074,0.007537231445312494,-0.007912902832031275,-0.006417846679687514,0.04336090087890629
0.0026217651367187594,0.0034631347656250283,0.0009906005859374924,0.0013934326171875094,0.007835388183593743,-0.007688293457031273,-0.006560974121093769,0.04380493164062505
0.002496643066406236,0.0033819580078125015,0.0010513305664062514,0.0014483642578125167,0.007676696777343757,-0.007798156738281263,-0.006527709960937527,0.04380035400390631
0.0026687622070312583,0.003445434570312522,0.0009704589843749986,0.0013665771484375165,0.0076959228515625,-0.007237243652343772,-0.006164245605468768,0.04360992431640629
0.0026254272460937405,0.0034158325195312797,0.001114196777343748,0.0013653564453125176,0.007807922363281242,-0.007492065429687519,-0.006435546875000028,0.04356872558593756
0.002578124999999997,0.0034420776367187853,0.0008932495117187408,0.0015109252929687757,0.007883911132812487,-0.007519836425781268,-0.006224060058593765,0.04338043212890631
0.0027746582031250057,0.0033914184570312724,0.0010913085937499963,0.0013662719726562755,0.007875366210937478,-0.007524719238281276,-0.0063143920898437785,0.043795166015624984
0.002454223632812492,0.0034054565429687527,0.0010098266601562475,0.0013601684570312845,0.007819824218749995,-0.007556152343750009,-0.006421508789062521,0.0441375732421876
0.002546691894531255,0.003393554687500029,0.0010632324218749888,0.0014196777343750064,0.007827148437499997,-0.007557983398437516,-0.006355285644531274,0.04380432128906261
0.002674255371093757,0.003431091308593764,0.0010577392578125025,0.0014022827148437514,0.007844848632812495,-0.007336730957031273,-0.006371154785156263,0.044434814453125054
0.0026153564453124892,0.0033853149414062624,0.0011102294921874964,0.0015231323242187646,0.007896728515624996,-0.00736846923828126,-0.006305541992187521,0.04374786376953132
0.0027264404296875027,0.0034457397460937664,0.0008987426757812444,0.0014758300781250368,0.007747497558593745,-0.007521667480468761,-0.0063076782226562655,0.04405578613281261
0.0025350952148437585,0.003318481445312516,0.0009466552734374856,0.0014425659179687546,0.007770690917968741,-0.007605285644531256,-0.00640808105468753,0.04398315429687504
0.0025927734375000063,0.0034091186523437685,0.0009881591796874912,0.0014691162109375221,0.00787963867187499,-0.007490539550781269,-0.0063079833984375135,0.043823242187500056
0.0027560424804687553,0.0034136962890625264,0.0010198974609374814,0.0013995361328125039,0.007783508300781231,-0.007315368652343767,-0.006393432617187516,0.04401000976562508
0.0026171874999999963,0.003405151367187524,0.000845031738281243,0.00145202636718751,0.007997131347656243,-0.007565002441406251,-0.006361083984375021,0.0437469482421876
0.0027014160156249994,0.003367309570312527,0.0010198974609374918,0.0014523315429687787,0.007825927734374993,-0.007377319335937504,-0.0062124633789062585,0.04325897216796878
0.0026702880859375104,0.0034530639648437753,0.0011248779296875056,0.0014022827148437618,0.00785369873046875,-0.007488403320312517,-0.006143798828125015,0.043651123046875046
0.002490539550781247,0.0033837890625000398,0.0009793090820312492,0.001440429687500024,0.007858886718750006,-0.0074600219726562705,-0.006252441406250017,0.043308105468749955
0.002674560546875005,0.0034280395507812634,0.0010525512695312295,0.0014511108398437573,0.007706909179687492,-0.007358093261718756,-0.006048889160156274,0.043346862792968795
0.0027172851562500128,0.003421325683593778,0.0010626220703124946,0.0014782714843750312,0.007812805175781258,-0.007344665527343756,-0.006056213378906274,0.04344116210937503
0.002633361816406249,0.003440856933593771,0.0010330200195312403,0.0014675903320312648,0.007551269531250005,-0.00704559326171875,-0.006579284667968763,0.04420806884765638
0.002716064453125012,0.003379211425781249,0.0010153198242187546,0.0014926147460937681,0.007700195312499979,-0.006928405761718753,-0.006490478515625007,0.04421630859375003
0.0026541137695312595,0.0033798217773437587,0.0009265136718750056,0.0013919067382812556,0.007573852539062497,-0.007020568847656266,-0.006658325195312519,0.0441403198242188
0.002639465332031245,0.0033535766601562773,0.001057739257812506,0.0014099121093750309,0.007295532226562491,-0.007025756835937503,-0.006512756347656268,0.04357238769531257
0.0026992797851562497,0.003358154296875023,0.001040954589843759,0.0014456176757812588,0.0074053955078124956,-0.007107543945312529,-0.006600952148437525,0.0441656494140626
0.002732543945312511,0.0034399414062500373,0.0011715698242187392,0.0014059448242187775,0.007361755371093747,-0.00709075927734377,-0.006530151367187535,0.043796386718750066
0.0027172851562500093,0.003477172851562538,0.0009722900390624935,0.0014312744140625288,0.007517395019531246,-0.007086486816406284,-0.006668395996093786,0.043488769531250034
0.002672119140625007,0.0033697509765625144,0.00105865478515625,0.0014886474609374992,0.007404479980468738,-0.006903076171875015,-0.006608276367187525,0.044136962890625055
0.0026260375976562573,0.003446044921875018,0.0010308837890625026,0.0014370727539062596,0.0075869750976562435,-0.0068933105468750155,-0.006592712402343782,0.043854980468750054
0.002863769531250006,0.0033639526367187783,0.0009472656249999954,0.0015255737304687676,0.007445983886718745,-0.007133483886718783,-0.006351013183593773,0.044140930175781315
0.0026651000976562547,0.0034976196289062678,0.0011279296874999872,0.001509094238281267,0.007380371093749982,-0.006628112792968779,-0.006347045898437514,0.04198181152343752
0.002760009765625014,0.003460388183593755,0.0011862182617187536,0.0015057373046875183,0.007328186035156246,-0.006853027343750007,-0.006046752929687531,0.042598876953125024
0.0026721191406250087,0.0034796142578125046,0.0011685180664062385,0.001502990722656276,0.006955261230468733,-0.005997924804687537,-0.0067028808593750135,0.04290313720703128
0.00266632080078125,0.003479614257812501,0.001030578613281253,0.001405334472656278,0.006997375488281254,-0.006236267089843782,-0.006840209960937534,0.042558288574218804
0.002632141113281255,0.003213806152343752,0.0009887695312499872,0.0014666748046875313,0.007113952636718742,-0.006034240722656271,-0.00704559326171878,0.041827392578125074
0.00283843994140626,0.003493041992187536,0.00119964599609375,0.0013821411132812714,0.007263793945312498,-0.006279602050781262,-0.007123107910156261,0.04274414062500005
0.0026470947265625107,0.0034603881835937704,0.0010604858398437448,0.0014425659179687703,0.007067565917968744,-0.00610656738281253,-0.00711730957031252,0.04281433105468749
0.002536010742187504,0.003449096679687489,0.0009854125976562367,0.001480407714843767,0.007167968750000007,-0.006611938476562534,-0.006276855468750023,0.043144226074218785
0.0025006103515625017,0.0033917236328125256,0.0010397338867187429,0.0013433837890625099,0.0075885009765624956,-0.007105712890625008,-0.006878662109375008,0.04357177734375001
0.002911682128906256,0.0034722900390625287,0.0010324096679687287,0.0014758300781250264,0.007345275878906253,-0.007082214355468774,-0.007068786621093762,0.04360992431640631
0.002630004882812516,0.003425598144531269,0.0010800170898437548,0.0014407348632812702,0.007443847656249999,-0.00728088378906252,-0.00686584472656252,0.04276367187500001
0.0026559448242187474,0.0035311889648437823,0.001202697753906249,0.0014630126953125225,0.0074075317382812506,-0.007269592285156263,-0.006864318847656266,0.04369415283203135
0.002716979980468763,0.0034002685546875057,0.0010876464843749978,0.001488342285156272,0.007282714843750008,-0.007218933105468773,-0.006889038085937519,0.043168945312499964
0.0027230834960937575,0.0034124755859375067,0.0009298706054687404,0.0015173339843750112,0.0073132324218749874,-0.006284484863281266,-0.006794128417968767,0.04331970214843749
0.002593994140625014,0.003347778320312512,0.0011755371093749908,0.0013842773437500004,0.0073007202148437506,-0.006510009765625021,-0.006521606445312533,0.04257720947265625
0.002620239257812502,0.0033743286132812654,0.0010302734374999876,0.0014718627929687575,0.007340393066406265,-0.005280456542968756,-0.007072753906250012,0.03955383300781257
0.002720642089843751,0.003428649902343782,0.0010766601562499853,0.0014624023437500178,0.0075799560546875,-0.006022033691406258,-0.007212219238281265,0.04289764404296877
0.0027633666992187625,0.0033474731445312655,0.001069335937499985,0.0014578247070312685,0.0073574829101562406,-0.006048583984375022,-0.007024536132812516,0.042993164062500054
0.0027044677734375105,0.003379516601562521,0.0010803222656249976,0.0014718627929687575,0.007626953124999985,-0.0058331298828125135,-0.0070074462890625175,0.04272949218749998
0.002610473632812497,0.0034957885742187885,0.001204833984374997,0.0014739990234375073,0.007451782226562486,-0.006251831054687523,-0.007012939453125023,0.04281005859375
0.002639465332031257,0.0033526611328125195,0.0011093139648437316,0.00142150878906251,0.007575073242187489,-0.006075439453125036,-0.00708129882812502,0.04263885498046878
0.002631835937500009,0.00334197998046876,0.001153869628906231,0.0015093994140624994,0.007478027343750001,-0.00621124267578128,-0.007153625488281258,0.042292175292968734
0.002617492675781253,0.003459167480468763,0.0011352539062500083,0.0014929199218750057,0.004963073730468762,-0.009497070312500017,-0.00980926513671875,0.03666381835937497
0.0027075195312500078,0.0034512329101562596,0.0010580444335937522,0.0014709472656250118,0.006396484375000009,-0.006817932128906265,-0.00989501953125002,0.03279388427734375
0.002507629394531261,0.0034283447265625114,0.0010391235351562417,0.0016036987304687816,0.005538635253906254,-0.011205139160156264,-0.008064270019531262,0.03172698974609373
0.002482604980468754,0.0034649658203125024,0.0010797119140624999,0.001520996093750008,0.004834594726562502,-0.009880371093750015,-0.007182617187500014,0.03137420654296872
0.0024911499023437533,0.003500061035156257,0.0010293579101562558,0.0016229248046875262,0.005518798828124996,-0.011453857421875022,-0.006675109863281275,0.031005859374999993
0.0023757934570312455,0.0034582519531250223,0.001101074218749989,0.0015682983398437773,0.003776855468749998,-0.010272216796875034,-0.0028909301757812644,0.03761016845703128
0.00268981933593751,0.0034216308593750175,0.0011828613281249858,0.0015765380859375025,0.00144622802734376,-0.010249023437500008,-0.003590087890625031,0.038855590820312425
0.0027316284179687584,0.0035830688476562733,0.001154479980468739,0.001525268554687537,0.0014062500000000047,-0.01026184082031253,-0.007409057617187518,0.03762512207031253
0.002737731933593751,0.003574523925781283,0.001246337890624994,0.0015475463867187685,0.0011813354492187528,-0.009718933105468763,-0.0109698486328125,0.037583007812500006
0.00278533935546876,0.0035214233398437444,0.0010830688476562364,0.0016455078125000386,0.0012298583984375108,-0.009607849121093777,-0.01149810791015626,0.037241821289062484
0.0026806640624999958,0.003535766601562523,0.001165771484374998,0.0017245483398437653,0.001310424804687493,-0.009416503906250033,-0.012747192382812524,0.03720428466796873
0.0027655029296875053,0.0036184692382812706,0.0011483764648437273,0.0015820312499999888,0.001264953613281248,-0.009312133789062508,-0.014391174316406265,0.03723876953125
0.0027792358398437567,0.003666076660156269,0.0013027954101562343,0.0016796875000000162,0.0013571166992187456,-0.00917205810546877,-0.015911560058593767,0.03735961914062501
0.0027111816406250166,0.0035885620117187874,0.0011145019531249977,0.0015466308593750054,0.0045727539062499975,-0.007974243164062509,-0.004436950683593769,0.03982452392578122
0.0026757812499999967,0.003349609375000038,0.0009686279296874985,0.001549682617187501,0.004032897949218735,-0.0075973510742187635,-0.002148437500000022,0.04026123046875004
0.002665405273437506,0.0034960937500000486,0.0010073852539062341,0.0014788818359375115,0.0040975952148437494,-0.007752075195312517,-0.007043762207031273,0.04050933837890626
0.002612304687500006,0.0034619140625000103,0.0010458374023437408,0.0015686035156250167,0.003872375488281248,-0.008808593750000022,-0.009996337890625017,0.03853485107421879
0.002630004882812488,0.0035549926757812763,0.001271667480468761,0.0015252685546875144,0.003099670410156241,-0.009125671386718758,-0.009828491210937516,0.03821441650390631
0.002794799804687503,0.0035391235351562664,0.001159973144531241,0.0016110229492187593,0.0032714843749999944,-0.009078063964843777,-0.01268280029296877,0.03723999023437497
0.0027804565429687383,0.003608703613281288,0.0011074829101562472,0.001676025390624997,0.004822998046874997,-0.00789245605468753,-0.016915283203125006,0.03329559326171875
0.0025582885742187617,0.0035418701171875174,0.0011212158203125003,0.0016436767578125143,0.003930358886718756,-0.009896850585937525,-0.013090820312500024,0.03188018798828125
0.0025387573242187465,0.0036172485351562682,0.0010314941406249951,0.0016018676757812867,0.004066772460937503,-0.009537353515624998,-0.013471984863281265,0.03181793212890631
0.0026147460937500037,0.0034948730468750203,0.0010549926757812411,0.0015646362304687599,0.004153747558593742,-0.009631042480468779,-0.013303222656250027,0.03188781738281256
0.002617187500000012,0.0035150146484375228,0.0009329223632812411,0.0016751098632812687,0.004276123046874993,-0.009637145996093763,-0.013551940917968746,0.03137756347656251
0.0025521850585937395,0.0036044311523437487,0.00092315673828125,0.00157073974609377,0.004308776855468745,-0.009775085449218764,-0.013437194824218767,0.031936035156249966
0.002625732421875004,0.00345886230468752,0.0009948730468750042,0.0015402221679687422,0.0041290283203125,-0.009529724121093782,-0.013607788085937525,0.0314862060546875
0.0025659179687499943,0.0036120605468750126,0.0011181640625000013,0.001556701660156274,0.004457092285156252,-0.009823303222656279,-0.012134399414062531,0.031554565429687445
0.002585449218749994,0.0035601806640625216,0.0011590576171874954,0.0015563964843750243,0.004586181640624975,-0.009859008789062528,-0.011658630371093765,0.03189880371093752
0.002514953613281256,0.0035116577148437515,0.0010140991210937384,0.0014794921875000266,0.004111022949218737,-0.009909057617187484,-0.008504943847656257,0.03201171875000001
0.002477722167968762,0.003578186035156257,0.0009793090820312458,0.0015298461914062741,0.0029269409179687664,-0.008992919921875014,-0.016448059082031275,0.0367181396484375
0.0027322387695312474,0.003509521484375019,0.0011749267578124948,0.0015466308593749985,0.001549682617187501,-0.010742492675781264,-0.0010562133789062643,0.04057373046875
0.002659301757812503,0.00337463378906251,0.0011389160156249824,0.0015963745117187882,0.0013967895507812512,-0.010815734863281268,-0.0008462524414062731,0.03990814208984377
0.0026962280273437646,0.0035171508789062656,0.0010574340820312458,0.0016302490234375074,0.0018692016601562327,-0.010467834472656258,-0.0007232666015625222,0.040617370605468744
0.0025997924804687447,0.003504333496093793,0.0010244750976562342,0.0015219116210937727,0.0013104248046875,-0.011010437011718773,-0.0003988647460937689,0.04049865722656247
0.0025326538085937555,0.003424072265625005,0.0011416625976562456,0.001611328125000016,0.0013848876953124999,-0.011005249023437512,-0.0004251098632812641,0.04041381835937502
0.0026580810546875094,0.003432312011718775,0.0010815429687500034,0.0015423583984375232,0.0013104248046874947,-0.010901489257812515,-0.000626220703125022,0.040723266601562474
0.002634582519531258,0.0034545898437500153,0.001054382324218752,0.0015948486328125119,0.0012213134765624977,-0.010887451171875017,-0.00044586181640627297,0.04044128417968746
0.002655639648437503,0.0035110473632812677,0.001204528808593756,0.0016732788085937634,0.0013806152343750124,-0.010990600585937519,-0.000537414550781266,0.040728759765625004
0.0026223754882812485,0.0035214233398437687,0.0011114501953124918,0.0015536499023437785,0.0012091064453124793,-0.010873718261718762,-0.0004962158203125275,0.04049041748046877
0.0024758911132812603,0.0034558105468750194,0.0011767578124999931,0.0015823364257812646,0.0012670898437499908,-0.010948791503906253,-0.0006051635742187738,0.040594482421874994
0.002583923339843761,0.0034973144531250423,0.0011660766601562546,0.001481628417968752,0.0013583374023437497,-0.010968933105468771,-0.0003884887695312679,0.040545349121093754
0.0026525878906250005,0.0034292602539062744,0.0011187744140624886,0.0015832519531250137,0.0013500976562499881,-0.011236267089843767,-0.0005029296875000283,0.04025665283203123
0.0027429199218750033,0.0035757446289062817,0.0011111450195312404,0.0015960693359375246,0.0014413452148437419,-0.011067810058593782,-0.00011383056640625402,0.04000213623046875
0.002526245117187494,0.0035403442382812757,0.0010314941406250038,0.0015451049804687533,0.0014254760742187633,-0.011132812500000023,-0.00030761718750002727,0.04048614501953125
0.0026205444335937484,0.0035101318359375324,0.0010464477539062489,0.0015698242187500017,0.0013159179687500001,-0.010957031250000006,-0.0005136108398437755,0.04027954101562505
0.002667541503906249,0.0034985351562500135,0.0010522460937500092,0.0015084838867187606,0.005321044921875004,-0.006033630371093767,-0.0024835205078125033,0.03851318359375004
0.0025933837890625006,0.003437500000000031,0.0011813354492187424,0.0014764404296875137,0.006036682128906274,-0.005857543945312547,-0.0025256347656250223,0.03855224609375005
0.0025674438476562516,0.00353424072265625,0.0012121582031249904,0.001554870605468774,0.006185913085937507,-0.005884094238281266,-0.0028604125976562783,0.03847625732421882
0.0026980590820312456,0.0034768676757812554,0.0011904907226562428,0.0014407348632812511,0.006160583496093736,-0.005878906250000022,-0.0027828979492187725,0.03874999999999996
0.0026293945312500042,0.0034793090820312723,0.001077880859374986,0.0013839721679687472,0.007589416503906243,-0.006336364746093764,-0.005552062988281259,0.04085144042968752
0.002513427734374995,0.003456726074218753,0.0010040283203124854,0.001522827148437515,0.007038879394531244,-0.00642333984375002,-0.005693664550781276,0.04051116943359376
0.002760009765625012,0.0034283447265625374,0.0010852050781250087,0.0014688110351562828,0.007512817382812505,-0.006406555175781269,-0.0056677246093750164,0.040884399414062494
0.002781982421875013,0.0034057617187500146,0.0010574340820312476,0.0015020751953125216,0.0076455688476562405,-0.006505126953125011,-0.006452636718750003,0.040843200683593754
0.002613830566406258,0.003481445312500017,0.0010086059570312313,0.0015695190429687832,0.007547912597656248,-0.006497802734375014,-0.006316223144531268,0.040901489257812534
0.0027542114257812396,0.003387451171875014,0.0011233520507812397,0.001474914550781253,0.006976623535156254,-0.011070251464843778,-0.00703186035156252,0.029833068847656248
0.0025335693359375046,0.003410644531250019,0.0010281372070312534,0.0015640258789062621,0.005633544921874992,-0.011652832031250017,-0.002662658691406271,0.039140625000000005
0.002587280273437482,0.0034478759765625058,0.0010928344726562518,0.001639099121093758,0.002173767089843754,-0.011769714355468764,-0.001353759765625016,0.03743255615234377
0.0026538085937500046,0.0034521484375000383,0.0010690307617187318,0.0014614868164062548,0.002765808105468748,-0.009641723632812519,-0.0007824707031250187,0.03772796630859382
0.002756652832031258,0.0035052490234375316,0.001072692871093744,0.0015774536132812846,0.0016015624999999954,-0.011096496582031266,-2.6245117187519498e-05,0.03948394775390622
0.0025540161132812603,0.0035397338867187884,0.001067504882812485,0.0015173339843750216,0.001680908203124996,-0.011056213378906263,-0.00197814941406251,0.03659362792968756
0.0026998901367187612,0.003554077148437541,0.001060485839843743,0.0016323852539062815,0.003715515136718757,-0.011896057128906255,-0.0053881835937500105,0.03165100097656254
0.0025720214843750026,0.003540344238281279,0.0010763549804687477,0.0015890502929687567,0.0040087890625,-0.011837768554687511,-0.0053308105468750176,0.03199096679687502
0.002456359863281247,0.003464965820312523,0.0010656738281249988,0.0015551757812500323,0.004165039062499999,-0.011778869628906286,-0.005248718261718762,0.032095947265625036
