100.68,67.19,97.86,96.18,88.72,113.59,70.25,68.06
99.59,64.65,97.05,96.90,88.98,116.82,68.82,68.70
99.32,66.30,98.81,97.73,90.31,115.86,70.67,69.01
102.03,67.04,95.68,96.17,89.34,115.55,69.68,68.65
98.81,65.45,95.62,98.96,90.39,114.67,71.50,67.88
100.26,66.37,98.26,97.24,89.88,116.26,70.21,67.30
99.60,66.38,97.79,96.85,88.67,113.84,68.66,68.32
99.92,66.56,97.69,96.20,87.74,117.09,69.33,66.29
99.50,66.66,98.21,99.06,88.35,113.97,69.47,69.89
99.40,64.78,98.93,98.23,89.93,116.08,68.54,68.65
98.76,64.67,98.50,98.69,89.31,115.93,70.72,68.10
99.12,65.43,97.43,98.84,89.20,115.76,70.29,68.50
100.46,66.62,97.80,97.16,88.90,115.05,69.80,67.11
99.04,67.13,96.15,97.60,87.89,113.51,69.27,66.70
101.30,65.54,97.04,95.56,88.40,116.28,68.75,67.30
99.70,66.66,96.67,97.61,88.63,113.81,69.99,67.32
100.35,65.88,98.01,96.51,88.68,114.95,68.46,69.23
99.13,65.53,99.09,99.14,87.66,116.56,69.02,68.04
98.72,66.02,97.39,98.31,89.60,116.03,69.78,68.61
99.86,65.21,97.72,98.25,89.58,114.01,70.25,66.42
99.82,65.77,95.55,97.10,89.04,115.91,67.60,67.98
100.00,65.03,97.99,97.61,89.13,116.64,70.85,69.12
98.62,66.42,96.44,97.78,89.86,113.64,67.50,65.82
99.68,66.40,97.69,98.30,86.90,113.30,68.85,67.45
99.96,65.09,96.66,96.13,87.99,115.29,68.68,68.50
99.46,65.28,98.01,94.14,87.60,115.93,68.58,66.82
98.24,63.09,97.98,95.83,87.52,112.38,69.83,68.09
101.04,67.00,97.97,98.23,86.02,113.20,68.75,68.15
99.21,64.67,99.38,98.12,90.87,116.65,70.14,68.48
98.44,65.61,96.93,97.74,88.25,114.74,69.75,67.37
100.56,65.84,97.18,96.31,89.09,114.30,68.79,67.73
101.01,66.43,98.31,96.96,87.50,114.66,68.47,67.28
99.44,66.46,96.72,96.54,87.87,115.14,69.49,68.79
100.21,65.70,100.29,94.22,87.34,115.59,67.92,66.23
99.55,65.65,95.97,97.52,89.45,114.41,70.25,68.22
100.02,64.46,99.94,97.68,90.17,115.12,69.24,68.71
99.13,65.78,97.55,97.57,88.76,115.03,69.80,68.61
98.81,64.35,99.10,97.07,88.95,114.42,68.69,67.42
99.62,65.78,97.43,97.58,88.08,115.09,68.62,66.55
99.52,66.41,95.83,96.52,88.06,113.85,69.30,67.01
100.05,65.42,97.22,97.02,87.80,115.09,68.32,65.99
99.72,66.01,95.67,97.70,87.24,113.96,68.20,67.54
99.53,65.52,98.00,96.10,89.19,116.14,67.03,68.27
98.91,65.65,98.87,98.34,87.42,116.27,68.97,66.06
97.54,65.22,94.77,96.95,90.05,114.55,69.41,67.86
100.11,64.94,97.66,96.12,88.65,114.62,68.45,67.17
98.48,66.45,96.31,97.02,88.11,114.20,68.57,66.75
99.88,65.16,97.48,96.44,88.57,113.72,68.27,66.72
99.92,66.89,96.89,94.99,87.56,113.29,67.44,66.92
98.91,65.61,95.48,96.23,88.21,113.44,66.93,68.29
99.16,66.31,98.22,96.97,87.03,114.61,68.22,66.98
98.90,65.92,94.85,96.87,88.65,114.79,70.16,69.63
98.13,65.72,97.52,96.87,89.03,115.72,68.19,67.90
99.29,65.40,98.59,96.44,88.62,114.53,69.23,66.99
98.97,64.57,95.95,96.58,89.08,114.95,68.90,67.49
99.44,66.84,97.56,95.71,88.65,114.18,68.89,67.46
99.58,67.00,97.39,97.00,88.10,114.17,68.24,66.59
99.41,66.34,96.65,95.37,87.67,115.44,67.63,65.64
100.02,65.82,97.60,97.38,87.86,113.57,68.70,67.83
99.01,64.92,97.03,95.33,90.45,116.11,67.94,68.29
98.26,65.52,98.29,98.58,87.90,116.05,69.43,68.54
98.10,64.53,98.13,97.92,88.92,114.59,69.44,68.92
99.98,65.28,97.69,96.63,88.33,114.21,69.69,67.74
99.33,67.38,97.63,96.62,88.25,113.44,69.29,67.18
100.85,66.58,97.12,97.02,88.64,115.32,68.76,67.29
100.25,66.97,96.07,96.50,87.66,114.95,68.68,66.81
99.88,66.41,97.24,95.38,88.64,115.25,68.26,69.17
99.04,66.03,98.48,97.78,87.80,114.35,69.04,66.92
98.39,65.78,95.79,98.86,89.53,115.79,70.11,68.31
99.19,65.64,97.55,98.34,88.86,116.03,69.32,68.07
98.67,65.86,97.41,96.78,89.21,114.89,69.42,67.69
99.34,64.56,96.63,95.90,88.00,114.05,69.40,67.80
100.09,67.77,97.67,96.73,88.54,114.42,68.73,66.17
99.77,66.55,96.91,95.86,88.62,114.28,67.66,67.38
99.09,66.66,99.13,96.38,87.40,115.61,68.46,66.62
99.21,65.35,95.68,97.27,89.22,115.02,70.04,68.81
99.34,64.56,97.98,101.85,88.17,115.41,69.34,68.36
98.29,65.81,98.47,97.12,89.30,114.85,69.18,68.62
98.41,64.49,97.70,97.08,88.37,114.72,68.84,67.44
99.58,66.39,96.83,97.03,87.98,114.92,68.70,67.09
99.61,66.65,97.50,96.42,88.77,113.52,68.19,67.66
100.67,66.74,97.26,96.57,87.73,114.11,67.68,68.17
99.67,66.58,97.78,99.67,90.17,115.41,71.47,69.61
100.70,63.57,97.59,96.57,87.61,114.70,70.29,67.12
99.15,67.00,96.25,98.00,89.49,114.24,68.72,69.62
100.62,65.45,98.36,98.68,88.41,115.85,69.33,68.45
99.03,64.57,97.38,97.21,89.44,114.83,69.62,68.37
99.56,65.67,97.60,96.58,88.49,114.50,68.67,67.14
99.08,66.76,96.71,96.72,88.32,113.82,69.25,67.40
100.39,65.95,96.48,96.43,88.58,114.92,68.51,66.22
100.34,66.84,97.09,96.14,86.61,113.78,67.98,67.32
100.04,66.14,98.04,95.61,88.67,113.99,67.49,67.60
99.09,66.12,97.56,97.82,83.50,116.15,69.36,66.69
98.13,66.03,97.09,97.21,89.94,114.58,69.23,68.50
99.69,65.38,98.16,97.05,88.99,115.68,69.65,68.42
97.77,66.23,97.85,97.39,88.69,114.22,68.98,67.83
100.37,64.77,97.08,96.35,88.95,115.26,68.55,67.46
99.78,66.51,96.65,95.72,88.65,114.53,68.93,66.28
100.17,66.51,96.30,96.35,85.19,114.34,69.56,67.37
100.55,65.83,96.65,95.58,87.99,114.31,67.56,66.36
99.60,65.77,97.55,98.46,88.32,113.67,69.63,67.93
98.65,64.95,97.50,96.26,89.11,116.44,68.94,69.07
98.45,65.49,96.93,97.89,88.88,116.11,69.76,67.30
98.96,65.40,97.10,96.96,89.41,114.89,68.57,68.47
100.14,64.83,97.11,96.57,89.15,114.90,69.28,66.96
98.22,66.85,96.36,95.69,88.93,114.51,67.86,66.55
100.63,67.14,96.47,95.21,88.55,114.76,67.78,67.31
100.35,66.21,95.80,96.25,88.40,113.62,67.98,67.33
99.80,66.64,95.76,95.40,88.86,113.81,68.41,68.22
99.84,66.06,95.34,97.86,88.07,115.25,68.36,67.13
98.67,65.70,95.77,97.12,88.90,114.53,69.09,67.98
99.57,63.91,98.65,97.71,89.66,115.06,68.76,67.66
98.60,66.02,96.53,95.85,88.45,114.27,69.80,68.06
99.27,64.82,96.56,95.73,89.12,115.03,68.80,66.73
99.82,66.19,97.60,95.74,87.72,114.33,67.94,66.54
99.82,66.69,96.14,96.34,88.10,114.35,66.66,66.97
100.56,65.93,96.66,94.97,87.68,115.53,67.38,66.89
99.56,66.00,95.42,97.10,88.06,113.12,68.64,67.38
98.49,65.21,96.60,96.60,89.67,115.59,67.33,68.61
99.21,65.38,97.55,97.61,88.90,115.03,71.60,68.88
99.82,67.24,97.33,96.35,89.53,114.18,68.60,67.84
99.90,66.15,96.43,96.02,88.35,114.66,66.71,67.22
98.49,67.02,96.80,95.21,88.26,114.23,67.26,67.97
100.05,66.85,96.06,94.54,87.09,114.60,67.78,65.90
98.69,64.19,96.80,96.93,90.84,114.28,69.98,68.77
101.86,67.27,96.67,94.66,85.06,112.76,67.29,66.49
99.00,66.68,97.20,96.28,88.23,114.77,66.80,68.56
100.16,65.05,96.73,96.84,87.41,115.59,68.88,68.30
99.81,64.77,95.50,96.39,89.19,114.50,68.24,67.00
97.92,66.41,97.84,96.37,87.91,115.31,67.77,65.69
100.19,67.93,95.19,96.66,89.28,114.54,68.25,68.72
98.69,65.68,96.33,96.08,88.09,115.31,68.63,67.45
98.20,65.15,96.01,97.11,89.16,115.21,69.18,67.13
100.49,65.79,97.79,97.72,88.01,115.84,69.93,66.84
100.57,66.41,94.27,94.05,87.75,112.24,66.17,66.49
98.82,65.80,95.69,94.82,87.99,112.66,66.26,65.27
97.57,66.08,93.51,95.71,86.58,111.11,66.90,67.43
98.73,65.38,96.16,95.25,88.96,115.45,66.32,67.03
98.03,64.82,96.13,97.71,87.45,114.36,67.55,67.24
97.54,63.65,94.57,93.39,89.35,111.78,67.40,65.77
99.82,65.28,93.78,97.41,88.30,113.18,68.81,68.26
98.96,66.18,94.99,94.11,87.84,114.01,67.84,65.98
96.40,66.13,93.95,95.13,87.68,113.12,67.22,66.48
99.82,66.31,95.47,94.71,88.05,113.44,66.69,65.94
99.23,66.15,94.90,95.84,88.20,112.22,66.11,67.84
98.39,65.73,95.39,94.81,89.36,114.28,66.19,67.49
98.83,65.53,96.15,95.81,86.98,115.09,67.66,67.15
97.77,65.03,95.27,95.90,89.17,113.75,68.52,67.97
99.37,64.05,95.89,95.06,88.92,113.07,68.48,67.86
98.21,66.41,96.14,96.65,88.38,114.66,68.14,67.14
98.23,65.73,98.37,97.85,86.76,112.94,67.54,66.48
98.45,66.39,96.09,96.96,89.03,113.08,66.56,65.52
99.99,67.31,95.42,96.37,87.66,112.46,66.78,66.63
99.21,65.39,94.50,95.04,88.18,114.28,66.03,68.36
98.19,65.32,97.50,96.09,87.02,114.17,66.86,66.75
97.59,65.46,96.66,97.89,89.43,113.45,68.33,67.15
98.86,64.63,97.18,96.37,89.03,114.05,67.02,67.55
97.12,66.60,96.07,96.50,87.77,113.05,67.24,67.23
99.98,65.36,95.48,95.52,88.77,113.89,67.70,65.66
98.88,66.60,96.00,94.80,87.96,112.08,66.51,65.70
99.02,66.63,95.41,93.84,87.39,112.12,66.03,67.44
99.44,66.02,97.76,95.64,87.92,113.07,66.26,66.38
98.48,66.00,94.88,98.12,88.49,113.10,68.19,67.76
97.89,64.38,96.92,96.95,89.16,113.92,67.66,67.28
95.33,66.12,96.31,95.92,89.39,113.96,67.42,67.68
99.35,63.89,96.24,94.86,88.06,113.36,66.42,66.17
99.43,67.31,95.97,95.12,87.65,113.86,67.84,66.30
99.66,67.21,94.81,95.58,87.01,113.10,67.43,66.09
98.40,66.47,94.99,93.96,86.73,114.04,66.02,66.10
98.94,66.64,95.28,97.86,87.36,113.20,68.05,68.10
97.84,64.34,96.43,95.99,89.82,114.64,65.78,68.14
98.21,66.02,95.90,97.59,88.74,114.73,67.74,67.76
98.64,64.39,95.45,96.17,89.55,114.12,67.77,67.39
99.34,65.59,95.15,96.01,88.52,113.99,67.66,66.35
98.37,66.95,95.54,95.56,88.47,112.87,67.44,66.72
100.04,65.73,94.93,94.66,88.13,113.81,66.22,65.75
99.58,66.11,95.31,95.89,87.11,112.37,66.89,66.58
99.31,66.18,96.27,94.85,88.48,114.67,66.22,68.66
98.59,65.94,97.45,96.07,86.96,113.69,66.61,66.85
97.72,65.57,96.39,97.02,88.92,114.20,67.70,68.22
98.79,65.28,96.44,95.27,88.24,114.05,67.62,65.41
97.14,65.56,95.75,96.56,87.70,111.95,67.84,67.73
99.23,67.11,96.90,95.45,87.83,114.02,68.21,67.33
97.70,64.10,97.11,95.81,89.19,113.64,68.73,67.03
100.28,67.36,95.52,95.91,86.71,112.00,66.82,66.07
98.91,66.19,94.93,94.44,89.04,113.97,67.08,67.10
98.49,65.14,95.89,97.17,87.50,115.37,66.73,66.23
97.55,65.43,94.64,95.83,90.31,114.30,68.19,68.61
98.78,65.32,96.65,95.96,89.14,113.80,67.71,67.15
98.18,66.72,96.05,95.02,88.03,112.81,67.15,65.94
99.67,65.62,95.42,95.11,87.86,114.18,66.86,65.98
100.39,67.06,94.78,93.95,87.14,112.71,66.47,66.43
98.88,66.80,94.99,94.91,86.97,111.71,65.94,67.69
99.55,65.88,95.47,94.12,87.75,113.71,66.08,65.35
97.96,66.17,95.55,97.09,88.56,112.94,68.57,67.86
98.07,64.52,95.71,97.64,88.78,114.92,66.91,67.41
98.64,66.04,97.14,97.24,89.30,114.37,69.16,67.16
99.11,65.04,96.39,95.75,88.46,113.04,68.08,67.66
100.05,66.82,96.40,96.25,88.54,112.92,67.57,66.24
99.54,67.10,95.79,95.41,87.47,113.58,67.58,67.07
99.72,66.89,95.72,94.66,87.19,113.18,67.43,65.52
98.88,65.81,95.64,96.15,87.85,112.10,67.70,66.33
99.01,66.03,95.87,95.15,89.51,115.91,66.81,68.71
98.90,65.77,97.51,96.85,88.10,114.67,68.44,66.31
97.74,65.02,96.88,95.71,89.02,114.67,68.14,67.30
98.87,65.48,97.99,96.51,89.15,114.31,67.79,67.63
98.17,66.33,96.09,95.68,87.67,114.25,68.42,67.07
100.03,65.57,95.61,91.90,88.32,104.13,67.49,66.53
99.76,67.10,94.88,95.82,87.61,113.40,67.68,66.72
100.50,65.85,94.72,95.10,87.90,113.78,67.20,67.86
99.38,65.39,97.58,95.64,87.39,114.13,67.69,66.34
98.01,66.12,97.16,96.17,89.01,115.10,68.87,68.14
98.54,66.07,96.70,98.20,89.48,115.64,67.05,66.87
97.96,67.06,96.62,95.49,88.37,112.96,67.79,67.23
98.71,65.24,96.78,94.79,88.78,113.15,67.11,66.24
99.12,67.50,96.68,96.31,87.71,113.48,67.28,66.44
98.66,66.00,94.29,95.26,87.80,111.70,66.73,66.73
98.33,65.49,94.77,93.42,87.52,113.85,65.66,65.69
97.75,65.53,95.34,96.49,88.62,113.47,67.45,68.12
98.48,65.14,95.84,95.37,89.57,114.90,66.58,68.33
98.77,65.69,95.91,96.81,88.20,113.54,67.66,67.15
98.84,65.43,97.20,96.81,89.15,113.99,66.91,67.14
99.85,65.63,96.13,95.48,88.14,113.33,68.63,66.66
98.83,66.94,97.09,96.12,87.83,112.56,66.75,65.90
99.84,66.60,96.03,95.46,87.10,114.58,67.08,66.23
98.47,65.91,95.77,95.94,87.17,112.53,67.08,66.98
98.73,65.25,96.86,94.80,89.30,114.69,66.12,67.81
99.28,65.77,96.70,97.29,88.46,115.01,68.18,67.55
97.96,65.09,97.47,96.48,89.47,114.68,68.08,67.87
99.81,65.09,97.67,95.96,89.20,114.18,67.63,66.67
97.88,66.73,96.78,96.85,88.41,112.91,67.57,66.62
99.00,64.23,95.38,95.54,88.12,113.64,67.20,66.01
100.34,66.50,96.56,96.55,88.09,112.35,66.99,65.38
98.57,66.96,94.83,94.69,87.68,112.18,67.31,66.47
99.75,65.99,98.12,95.37,86.78,114.09,66.46,66.41
99.61,65.77,95.53,97.72,88.15,113.37,67.52,68.58
98.08,65.09,98.11,97.20,89.59,114.62,67.05,67.00
97.95,65.04,96.82,96.84,88.41,113.68,67.83,67.31
98.56,65.40,95.51,94.58,88.14,113.97,67.59,67.56
99.27,66.66,95.88,95.43,88.31,113.75,66.92,66.15
99.40,66.22,96.54,96.14,87.67,112.01,66.48,65.73
99.72,66.29,95.48,97.20,85.83,112.96,67.79,65.72
99.68,65.77,96.85,97.30,87.85,114.24,68.18,67.98
100.26,67.37,95.10,94.37,86.50,112.05,66.29,64.60
99.14,65.89,94.78,96.00,87.99,114.07,66.86,68.28
98.74,65.89,96.56,97.96,87.18,113.72,67.82,67.43
98.68,65.56,96.38,95.76,88.64,113.92,68.65,67.99
99.76,64.78,96.04,95.55,88.71,114.36,68.85,67.44
98.36,66.09,96.11,94.73,88.68,112.84,68.39,66.34
99.65,66.05,96.60,95.47,88.51,112.73,67.01,66.46
99.38,66.77,95.07,95.55,87.45,112.26,67.10,65.52
99.83,60.65,95.85,95.61,88.54,113.71,66.38,67.51
98.64,65.43,96.83,95.83,87.86,114.32,67.37,66.41
98.79,65.73,94.91,96.76,89.04,114.00,68.56,68.48
98.23,65.53,97.11,96.01,88.82,114.24,67.47,67.56
98.00,66.33,96.85,95.30,89.03,112.81,68.82,66.29
98.28,64.08,97.85,94.22,88.00,112.46,68.69,66.96
99.96,66.65,96.73,95.46,86.14,112.68,67.33,66.20
98.14,64.49,97.14,97.47,88.86,114.19,66.49,67.60
97.50,67.59,94.75,97.22,87.46,113.48,66.50,66.05
100.00,66.70,95.84,94.30,87.46,113.87,67.37,66.67
99.84,66.87,96.05,96.26,87.66,112.27,67.69,66.49
99.36,66.10,95.82,94.60,88.61,114.97,67.42,67.45
98.29,64.44,96.67,97.24,87.16,114.61,68.59,66.88
98.35,65.11,95.97,95.98,89.50,114.30,67.87,67.63
100.33,65.77,97.53,95.83,88.02,113.93,67.86,66.68
97.53,67.67,96.06,96.26,87.78,113.53,68.39,67.15
100.26,65.23,95.32,94.68,88.92,112.84,67.76,67.48
99.97,66.98,95.53,94.83,87.15,113.22,67.55,66.10
99.49,66.00,95.03,94.76,87.23,112.79,67.14,67.99
99.88,66.41,97.26,96.73,87.37,114.51,67.18,66.68
98.79,66.09,95.63,98.43,88.62,114.86,69.12,67.88
97.77,64.44,97.39,96.28,89.05,114.22,66.71,68.36
98.08,65.62,96.13,96.79,88.63,114.42,68.60,67.53
99.66,64.63,95.97,95.52,88.33,113.32,68.17,67.15
100.69,66.15,97.48,95.74,88.16,114.36,67.38,66.24
98.62,67.03,95.38,95.82,87.21,112.40,67.06,67.31
99.42,66.13,95.49,94.68,87.54,114.77,66.50,65.92
99.46,65.88,94.61,96.90,87.62,113.30,67.22,68.48
98.07,65.12,96.76,95.98,89.42,115.29,66.32,67.69
99.07,64.98,97.97,97.11,87.93,114.12,68.91,68.21
98.82,65.47,96.68,96.62,89.51,113.85,67.82,66.79
100.06,66.03,97.86,95.74,89.12,113.98,67.43,66.29
97.93,66.19,95.77,96.65,87.42,112.65,67.92,66.46
100.71,66.21,97.52,94.52,88.09,113.46,66.76,66.84
99.03,67.21,96.64,96.51,87.02,113.50,67.42,66.35
100.08,66.30,95.85,94.34,89.30,113.41,67.64,67.63
98.81,65.25,97.64,97.37,86.40,114.55,66.85,65.74
98.20,65.16,96.31,97.25,90.18,114.24,68.69,67.75
98.61,64.66,97.56,96.29,88.69,114.36,69.07,67.78
98.89,65.95,96.61,96.09,88.17,114.24,68.11,66.58
100.19,64.60,97.80,95.08,88.67,113.69,67.14,66.50
99.98,66.78,97.50,95.49,87.49,113.62,66.67,65.37
99.67,66.00,95.15,94.76,87.47,113.07,66.88,66.96
99.85,66.21,96.00,93.72,88.06,116.54,66.31,66.41
99.20,66.69,95.78,96.72,88.26,112.88,67.59,68.23
98.42,65.06,97.55,95.65,89.61,114.10,68.04,68.09
99.16,65.25,97.62,95.85,88.00,114.41,68.10,66.97
98.28,64.61,96.54,95.41,89.39,113.75,67.57,67.27
100.50,66.38,96.27,95.83,88.13,113.38,67.47,66.06
99.13,67.39,97.27,95.89,87.20,112.60,67.21,66.94
100.32,66.11,95.58,94.89,88.36,113.51,67.66,66.35
99.12,66.92,96.42,98.15,87.14,112.05,67.14,67.46
99.14,65.34,96.57,95.63,88.75,115.08,66.51,67.72
98.97,65.64,97.28,97.60,88.49,115.12,69.01,67.65
98.58,65.83,97.53,96.41,88.77,114.24,67.98,68.26
99.49,65.26,97.05,96.27,88.49,113.68,67.72,66.18
98.28,67.62,96.47,97.28,87.77,112.14,67.89,65.93
100.63,65.35,95.80,95.78,87.72,113.38,66.81,66.43
100.32,66.16,96.24,96.69,87.35,113.07,67.46,65.65
99.71,65.66,96.67,94.56,88.45,114.49,67.56,68.12
100.04,65.42,96.61,96.93,87.20,114.85,68.63,67.10
98.60,66.01,97.52,96.99,89.77,114.90,68.64,67.78
99.79,64.71,96.48,95.94,88.32,114.21,68.10,67.27
97.85,66.46,96.88,96.30,88.74,113.40,68.76,67.01
99.93,65.55,95.41,94.93,88.60,113.57,67.13,66.15
99.47,67.43,96.28,95.72,87.88,112.80,66.73,65.46
100.58,66.18,94.97,94.92,87.14,112.78,66.45,68.19
99.57,66.34,96.97,95.27,87.35,114.12,67.39,66.02
98.85,65.57,96.73,96.20,88.67,113.27,68.58,67.98
98.98,64.96,97.93,97.18,89.18,115.05,66.80,68.08
98.94,65.57,96.29,96.95,88.56,113.75,68.29,67.44
99.17,64.36,97.13,96.26,89.40,113.36,67.60,67.59
100.67,67.06,95.86,97.09,88.26,113.32,68.36,65.77
98.52,66.87,95.37,95.16,88.02,113.43,67.40,66.77
99.97,66.39,95.76,95.47,88.26,114.33,66.32,66.16
99.40,66.91,97.00,95.92,87.04,113.13,67.85,67.06
98.43,65.82,96.34,94.43,89.43,115.32,66.12,68.43
99.05,64.70,98.56,97.82,88.41,113.87,68.98,67.26
98.72,64.84,96.73,97.05,88.72,112.85,67.87,67.64
100.12,65.20,97.48,96.49,88.17,113.98,68.27,66.67
99.58,67.48,96.09,96.42,87.95,112.51,67.60,66.72
100.06,66.08,97.26,95.71,87.96,112.80,66.65,66.18
99.72,66.31,95.61,95.56,87.02,112.32,67.43,66.64
100.05,65.59,94.83,96.09,88.53,114.35,66.59,67.48
99.56,66.25,96.40,95.82,86.55,114.62,67.95,66.14
97.89,66.14,96.16,96.44,89.83,114.03,68.51,68.45
98.92,64.60,98.22,96.41,88.73,116.77,68.83,66.93
98.76,66.69,98.25,96.01,89.73,112.42,68.19,64.82
101.73,66.37,97.32,94.43,87.23,115.67,66.74,65.06
99.94,67.01,95.45,95.80,88.44,113.50,67.62,67.02
101.90,65.50,97.56,96.45,87.06,112.14,68.06,66.72
100.64,66.07,95.91,95.55,88.20,112.81,67.21,66.97
99.87,65.81,96.82,95.25,87.96,114.98,67.04,66.00
99.49,66.04,95.53,97.50,87.81,113.33,68.30,67.44
99.28,65.68,97.07,96.27,88.95,114.71,67.25,67.57
98.48,65.14,98.28,96.37,88.52,114.70,68.91,67.25
98.30,64.46,97.22,96.95,88.37,113.46,68.38,67.89
99.38,66.01,96.88,97.03,88.59,114.51,67.59,67.04
97.97,67.21,95.89,95.41,88.68,112.56,68.52,66.09
101.06,67.23,95.78,95.62,88.42,114.03,67.37,66.00
99.56,66.42,96.16,96.01,86.91,113.05,66.90,65.69
98.99,66.00,96.38,95.33,89.01,113.11,67.51,67.32
98.64,66.12,98.35,97.94,86.83,114.74,67.90,66.29
99.06,66.07,95.76,97.66,88.89,113.93,69.34,68.94
99.40,65.13,96.16,97.08,88.92,112.90,67.32,66.44
100.64,67.91,94.56,95.95,88.41,113.08,66.21,67.42
99.29,65.81,97.48,99.00,88.15,114.98,68.73,66.85
98.76,65.26,97.16,97.77,88.25,113.74,67.90,66.92
100.56,67.63,95.29,96.17,87.12,113.75,67.61,66.01
100.19,66.33,96.54,95.69,87.35,113.45,67.32,66.79
99.57,66.60,97.99,96.57,87.07,115.45,67.05,65.83
99.20,65.52,94.81,96.78,89.34,113.13,68.80,68.16
98.82,65.26,98.33,95.70,88.91,114.86,67.93,67.81
98.85,66.24,98.58,96.77,88.26,114.21,69.10,67.31
98.18,65.90,96.45,96.32,88.50,114.12,68.35,66.90
100.05,67.16,96.61,95.72,88.07,113.83,67.03,66.39
99.54,66.86,95.40,95.37,87.55,112.58,67.75,67.10
100.78,66.34,95.72,95.41,87.75,113.33,66.94,66.30
100.30,66.88,96.40,96.33,86.77,113.33,67.83,66.28
99.81,66.21,97.00,96.31,88.79,114.59,67.27,68.55
98.84,65.60,97.15,97.21,88.08,115.08,69.57,67.18
99.24,64.76,96.13,96.38,89.49,113.93,68.93,67.47
99.22,66.06,97.88,96.25,88.86,113.94,67.70,67.04
98.99,66.08,96.16,97.44,88.84,114.10,68.24,66.54
101.42,65.06,95.88,96.24,88.29,112.65,67.07,66.27
100.73,67.61,96.57,95.83,87.21,113.16,67.63,65.71
100.07,66.23,95.93,95.41,87.54,114.03,67.13,67.53
98.86,65.73,97.83,97.94,87.71,115.82,67.64,65.21
99.65,65.49,96.16,96.74,88.42,114.58,68.58,68.04
99.17,65.79,97.17,95.87,89.24,114.02,67.70,67.27
99.25,65.14,97.25,93.47,88.59,114.84,69.20,66.49
99.71,65.61,96.55,95.50,88.85,113.92,68.84,66.93
99.79,66.80,97.91,96.50,87.49,113.88,67.52,66.31
98.66,66.71,95.74,95.15,87.89,112.46,68.32,66.21
100.26,65.88,95.70,94.59,87.43,113.23,67.46,66.11
100.16,67.31,97.27,97.24,87.19,113.14,67.08,66.30
100.22,65.65,95.51,94.76,88.28,113.96,66.58,67.24
99.95,66.28,97.82,96.35,87.95,115.11,67.57,66.16
98.33,65.43,96.07,97.35,88.70,114.32,68.13,68.60
98.25,64.20,98.00,97.61,89.54,114.23,68.12,67.66
99.03,66.73,97.59,96.35,89.09,113.83,68.34,67.16
98.40,65.62,96.25,97.01,88.57,113.90,67.39,67.98
100.78,67.18,97.06,95.10,87.58,113.94,68.08,66.31
99.42,67.05,95.48,96.46,88.29,113.29,68.07,67.31
99.44,65.90,95.16,95.37,87.64,112.99,67.08,66.09
99.34,66.40,96.14,96.25,87.53,113.17,67.79,67.10
99.26,65.16,97.81,95.13,88.68,115.34,67.33,66.96
99.64,64.56,98.28,97.84,87.47,114.11,67.95,68.06
97.70,65.02,96.38,97.88,88.91,114.41,67.39,67.75
99.23,65.41,96.55,97.30,89.02,114.54,68.98,67.19
98.53,66.96,96.55,95.58,87.70,112.61,68.28,67.21
100.25,65.27,97.37,95.09,87.76,115.63,67.14,64.71
99.66,64.64,97.10,98.51,90.81,112.98,69.83,67.45
99.11,66.19,96.89,97.62,86.99,114.39,69.01,66.87
100.34,67.19,97.53,94.71,88.97,114.79,65.91,68.54
98.91,65.59,96.99,96.78,87.73,114.66,68.95,67.11
98.91,65.58,97.13,96.04,89.99,114.32,68.35,67.73
99.31,65.29,96.90,95.73,87.65,114.67,67.71,66.95
99.08,66.69,95.64,96.66,88.84,113.93,68.63,67.01
100.04,64.86,95.82,95.56,87.60,112.82,67.69,66.22
100.59,66.76,96.94,96.04,87.20,113.60,67.04,65.60
99.33,66.67,95.97,95.25,88.51,114.05,67.13,67.70
99.26,65.25,97.51,96.38,87.50,115.32,68.86,66.01
99.07,65.60,96.45,96.35,89.45,114.35,69.01,68.25
98.52,64.43,97.96,96.78,89.00,114.30,67.13,67.72
99.07,66.16,97.72,96.42,88.94,113.48,68.74,66.38
100.34,64.17,96.11,95.93,88.55,113.19,68.39,67.12
99.98,66.74,95.94,95.76,87.26,113.68,68.11,66.26
99.71,66.18,95.92,95.68,88.05,113.31,67.27,66.58
100.52,65.68,96.70,95.16,87.46,114.31,66.38,65.78
99.97,65.71,95.31,97.32,87.73,112.89,68.46,67.31
99.11,65.76,97.90,96.18,89.18,113.92,67.76,68.23
98.01,65.39,97.81,98.20,88.52,114.75,69.48,66.51
98.36,64.28,97.20,96.04,89.24,103.49,67.87,61.67
98.91,66.85,96.44,95.41,87.80,113.79,68.06,66.09
98.31,66.52,96.47,96.50,87.89,113.67,68.09,65.99
99.80,67.25,95.59,95.55,87.56,112.89,67.87,66.78
99.95,66.39,96.19,98.38,87.18,112.79,67.82,66.50
98.97,65.46,96.15,95.71,88.56,114.34,66.99,68.99
99.02,64.96,96.46,97.59,88.39,114.77,67.36,66.15
98.50,65.17,97.21,96.80,89.45,114.53,68.87,68.12
98.85,65.64,97.76,96.54,87.94,114.70,67.67,66.81
98.36,66.63,96.66,95.70,87.63,113.23,67.83,67.28
100.41,64.87,95.50,95.84,88.48,112.80,67.63,65.94
99.68,67.25,97.79,95.44,88.09,113.12,66.96,65.51
100.00,66.90,96.58,95.22,88.83,114.22,66.58,67.33
99.04,65.36,97.28,98.80,87.04,115.81,66.53,65.54
98.76,66.25,95.36,97.64,89.03,114.20,68.73,68.42
99.18,65.17,97.52,96.70,88.43,113.87,67.44,67.89
99.08,66.67,98.52,97.73,88.62,113.45,68.58,66.96
99.26,65.13,96.43,96.38,88.44,114.62,67.68,66.16
99.76,67.03,96.55,95.93,88.19,113.26,67.65,66.56
100.38,67.54,95.92,94.84,88.04,113.37,67.29,68.59
100.12,66.02,96.90,96.00,88.00,114.26,67.82,65.37
98.43,65.48,95.29,97.53,88.10,113.40,68.10,67.77
99.14,65.15,98.43,96.85,88.70,115.54,67.19,67.62
98.62,64.60,97.35,97.78,88.84,114.08,68.69,67.42
98.98,65.39,96.61,95.94,89.37,112.69,68.64,68.57
100.53,65.63,96.53,95.62,87.02,112.08,68.75,67.97
100.93,65.97,97.46,94.58,89.77,114.77,67.57,67.47
97.72,65.15,98.22,95.86,87.93,113.37,67.99,65.91
100.78,67.84,95.36,96.41,88.07,113.28,66.53,66.73
99.52,66.70,97.01,98.97,86.91,112.14,67.65,66.86
98.48,66.36,96.70,96.17,89.63,114.41,67.10,67.42
99.23,65.75,97.71,97.28,87.74,114.02,68.60,67.13
98.20,64.41,96.74,96.84,89.01,113.48,68.56,68.46
99.34,65.52,98.06,96.23,88.47,113.90,68.43,65.69
98.65,67.00,97.42,96.04,87.93,113.28,67.86,66.29
100.32,66.31,95.10,95.35,88.60,113.53,67.31,66.96
100.29,66.53,96.06,95.80,87.91,112.68,66.82,65.60
99.22,65.70,96.37,94.89,88.15,114.34,66.99,67.81
99.78,66.30,98.56,97.05,87.17,114.47,68.21,67.18
99.13,65.78,95.51,96.30,89.91,113.80,68.95,67.74
99.25,65.24,97.25,96.98,89.47,113.75,67.60,66.70
98.18,66.31,96.93,96.87,88.82,114.38,69.31,67.03
99.85,65.31,96.22,95.56,88.11,113.12,66.68,65.86
100.84,67.81,96.28,94.76,86.41,112.25,68.12,66.22
99.04,66.31,95.20,96.18,89.79,114.32,67.38,68.26
99.79,64.84,95.85,95.69,87.92,113.09,66.63,65.64
100.98,67.02,97.55,96.87,88.83,115.96,67.70,65.30
98.55,66.23,96.01,96.98,88.52,113.75,68.94,68.68
98.78,65.38,97.33,97.03,89.28,115.17,67.94,67.26
99.07,65.61,96.63,97.49,88.92,114.72,68.97,67.05
98.08,65.14,96.93,96.89,88.31,113.54,67.97,66.67
100.65,67.24,97.28,97.08,87.66,113.70,67.98,66.57
99.66,67.14,95.69,95.78,87.88,112.95,67.62,65.94
100.02,65.61,96.42,95.11,87.89,114.15,66.54,66.02
99.54,66.07,95.64,97.41,87.92,112.83,68.24,67.34
99.59,66.01,97.56,95.26,89.32,115.49,66.55,67.05
99.03,64.91,97.29,98.61,88.05,114.73,69.80,67.05
98.32,64.46,97.54,97.55,89.52,114.63,68.93,67.53
99.59,66.76,96.50,96.40,88.35,113.88,69.18,67.19
99.00,67.55,96.11,96.55,87.90,113.03,68.19,65.97
101.08,65.40,95.55,94.14,87.53,114.86,67.07,67.54
98.94,66.24,95.39,96.39,87.29,112.45,67.57,66.17
98.84,66.36,96.70,96.60,88.39,114.20,66.81,68.25
99.97,65.88,98.11,96.61,87.41,114.39,68.09,65.99
98.28,64.90,95.92,96.43,88.87,113.99,69.16,67.49
99.41,65.51,98.03,96.47,88.71,114.40,68.58,67.77
98.09,66.60,97.00,96.05,88.13,112.79,68.01,67.37
99.87,65.67,97.00,95.29,87.71,113.73,67.53,65.96
99.80,66.72,96.81,97.20,86.97,113.05,67.64,65.41
100.33,66.96,95.86,96.44,88.42,112.79,67.35,66.92
99.42,65.79,96.75,96.69,87.72,114.02,66.39,65.44
98.22,65.37,95.17,98.14,88.95,114.22,69.69,67.75
99.03,64.99,97.58,96.84,88.65,114.89,68.43,67.75
99.18,66.76,96.91,96.51,88.52,114.61,68.96,67.10
99.42,64.90,96.89,95.77,88.89,113.85,68.26,65.85
100.60,66.67,96.78,95.53,87.39,113.80,67.98,66.48
99.25,67.18,96.61,95.62,88.10,113.05,66.99,67.75
100.09,66.26,96.59,95.62,87.68,115.65,67.68,66.30
98.78,65.51,95.41,97.55,87.15,113.29,68.04,68.19
99.58,65.00,97.80,98.05,89.51,114.15,67.13,68.05
98.53,65.39,97.16,98.53,87.58,114.64,68.25,67.35
98.28,64.36,96.83,96.43,88.47,114.37,68.53,66.52
99.88,67.09,97.13,97.31,87.59,113.96,68.20,66.66
99.59,66.55,96.09,95.64,87.58,112.26,67.61,65.59
100.12,65.60,96.87,95.35,88.15,114.91,66.09,66.38
99.35,66.30,96.02,97.73,87.70,112.23,67.59,66.66
98.59,65.83,96.19,95.87,89.16,114.67,65.99,67.50
98.78,65.40,97.08,97.51,87.19,113.79,67.75,66.99
98.16,63.93,96.79,98.09,90.00,113.07,67.91,66.01
100.98,66.99,95.81,96.80,86.96,111.70,67.08,66.35
100.43,64.75,96.04,94.55,89.71,115.14,66.23,69.01
99.14,65.33,96.66,95.12,87.56,115.06,68.94,67.70
98.92,66.10,97.29,95.61,88.25,113.67,67.24,66.36
99.92,67.14,96.53,96.60,87.00,112.82,68.19,66.45
100.28,66.64,95.76,96.51,87.85,113.51,66.49,67.49
100.05,65.57,97.47,96.29,87.73,113.67,67.16,65.51
98.27,66.00,94.73,96.86,87.88,114.14,68.89,67.94
98.64,65.74,97.66,95.98,88.93,114.49,66.72,67.25
98.88,65.61,96.38,97.28,88.32,113.79,69.13,66.74
98.97,65.39,96.33,95.40,89.22,113.97,67.83,67.74
99.90,66.47,97.86,96.03,88.77,113.13,67.94,66.30
99.82,66.38,97.18,96.47,88.35,112.34,66.93,67.01
100.52,66.22,95.44,95.44,88.28,114.38,66.86,65.44
99.21,66.82,94.84,96.52,87.29,112.70,67.08,67.37
98.92,65.86,96.69,95.42,88.79,115.28,67.07,68.48
99.03,65.79,96.85,96.96,87.75,114.32,69.69,68.07
97.99,64.81,97.32,96.96,89.00,114.36,69.28,67.14
100.77,65.29,96.91,96.29,88.38,113.27,67.83,67.49
98.83,66.58,95.68,95.67,88.29,112.92,67.87,66.35
100.13,66.20,96.06,95.64,88.26,114.11,67.24,66.57
99.75,66.38,95.49,96.57,86.81,112.53,67.13,66.00
99.92,65.89,95.35,95.35,89.22,114.45,66.06,67.46
99.09,65.16,97.86,97.19,87.23,114.04,67.42,67.09
98.25,65.50,96.80,98.04,90.06,114.42,68.35,67.84
98.68,64.78,98.47,96.79,89.29,114.13,68.16,66.60
98.61,66.36,96.66,96.50,88.24,114.65,68.86,67.03
100.41,65.30,96.37,95.25,87.68,113.42,67.38,66.72
99.77,66.70,96.35,96.18,87.63,113.65,66.79,66.16
99.94,66.63,95.42,94.78,88.68,113.95,67.24,67.28
99.51,66.15,97.92,95.53,87.03,114.36,66.68,66.23
98.62,65.73,96.46,97.28,88.73,114.39,68.08,67.86
99.08,65.63,98.09,97.19,89.31,115.48,67.74,68.05
98.55,65.97,97.33,97.32,88.75,113.97,68.66,67.58
98.63,65.36,97.81,95.86,88.69,114.60,68.47,67.72
100.90,67.23,96.82,96.65,87.57,113.86,66.70,66.44
100.03,67.29,95.01,95.38,86.99,112.98,68.05,67.35
99.56,65.91,96.55,96.12,87.10,114.64,67.39,66.63
98.76,66.64,96.73,96.99,87.84,111.95,68.66,66.80
99.48,65.98,97.25,97.33,88.71,115.15,66.28,68.39
99.03,65.43,98.38,97.42,87.25,115.18,69.60,67.70
99.24,65.33,96.78,97.05,89.08,113.51,68.94,67.15
100.25,71.16,97.27,95.86,88.55,113.96,68.35,66.45
98.35,66.52,96.97,95.73,87.75,112.61,68.04,66.09
100.35,66.37,97.03,95.27,88.48,114.51,67.14,65.25
99.84,66.95,96.27,96.19,87.81,113.56,67.11,66.24
99.08,66.01,95.62,94.54,89.00,114.29,66.76,67.55
99.80,66.18,98.25,98.02,87.00,114.73,67.77,66.46
98.27,65.05,95.75,96.91,89.39,114.77,68.96,68.37
99.17,65.38,98.11,96.52,88.47,114.48,67.78,67.02
98.59,67.33,95.79,95.88,88.06,113.26,68.29,66.87
99.73,65.56,97.35,95.21,88.55,112.99,67.98,66.93
99.71,67.26,96.20,96.57,87.86,112.89,67.01,65.17
99.18,66.41,94.75,95.12,87.49,114.11,67.45,68.00
99.16,66.37,97.95,95.10,86.52,115.14,66.87,65.59
99.15,66.37,96.38,97.23,88.56,114.31,68.61,67.77
98.80,65.78,98.71,96.04,88.72,114.69,67.14,67.35
98.83,65.13,97.96,98.03,88.76,113.86,68.85,66.84
98.61,64.49,96.81,95.75,88.62,113.12,67.76,66.88
101.00,67.66,95.76,95.81,87.64,114.76,66.23,65.80
98.13,64.54,95.89,95.82,89.65,116.13,65.81,68.11
98.04,65.21,95.27,95.12,87.62,113.67,66.92,65.46
101.33,66.45,94.86,94.74,86.88,115.35,66.18,65.97
98.91,66.55,94.95,97.78,87.96,113.00,69.02,68.39
98.24,65.27,96.42,95.66,89.59,115.16,66.60,67.72
98.64,65.73,97.66,97.28,87.89,115.22,68.84,67.59
99.20,64.58,96.60,96.03,89.75,113.90,68.06,67.87
100.39,65.58,97.38,96.41,88.32,114.33,67.87,66.72
98.34,67.20,96.81,95.78,87.59,112.99,68.14,66.73
100.52,65.64,95.15,94.80,87.88,114.44,67.89,66.49
99.65,66.11,96.07,95.56,88.21,112.76,68.11,65.37
98.94,65.91,94.30,94.35,88.56,113.89,66.50,68.16
99.87,65.36,96.85,97.53,86.65,114.93,67.62,67.19
98.88,65.88,97.03,97.11,88.60,114.44,67.97,67.86
99.93,65.46,97.59,97.10,88.70,114.59,66.88,66.74
99.40,66.48,96.32,96.39,88.30,113.71,68.74,66.39
99.85,65.51,96.51,95.02,88.02,113.18,67.51,67.49
99.60,66.92,96.06,95.48,87.73,112.26,67.20,66.09
99.00,66.38,96.15,95.05,87.49,112.21,66.63,67.21
99.01,66.20,96.04,94.80,87.01,114.54,67.11,66.25
98.85,66.13,95.53,97.17,87.59,114.45,68.83,68.28
98.71,65.41,96.66,96.59,89.48,115.25,66.42,67.87
98.51,65.51,97.74,97.21,88.13,114.36,69.53,67.02
98.98,65.09,96.88,95.63,89.05,114.40,68.10,67.02
100.73,66.79,96.53,95.45,88.87,113.31,67.97,66.95
98.88,66.22,95.31,95.55,87.90,112.00,61.26,65.47
100.19,66.58,96.73,95.38,86.08,116.07,66.13,66.09
97.50,65.73,97.46,97.66,88.09,113.87,67.87,68.01
98.92,66.43,95.97,96.88,88.32,112.78,68.02,65.26
99.56,64.04,96.34,95.75,89.41,114.89,66.96,67.82
99.40,65.79,97.83,97.63,89.10,114.49,68.47,67.28
98.79,65.56,97.25,97.02,88.74,114.48,67.99,67.05
100.23,65.30,98.84,95.94,87.82,114.95,67.91,67.18
98.45,66.60,96.46,97.53,87.86,113.77,67.35,66.58
99.95,65.55,95.37,94.69,88.71,113.37,67.20,65.85
99.62,66.49,96.00,95.15,88.13,112.90,67.17,66.06
99.54,65.84,96.13,94.96,88.18,115.25,67.23,67.72
99.89,65.77,98.53,97.32,87.93,114.05,68.49,67.27
99.03,65.14,97.79,97.51,89.53,114.68,68.11,68.31
99.89,65.72,97.78,96.81,88.02,114.17,68.26,68.03
98.64,66.99,97.36,95.67,87.79,113.60,68.10,66.83
99.86,64.94,97.08,96.21,89.13,114.24,67.73,66.64
99.29,67.39,96.74,96.01,87.16,113.32,67.33,66.06
99.90,65.79,96.73,95.56,87.64,114.10,67.00,66.56
99.80,66.63,96.93,95.02,86.64,114.35,66.60,66.86
99.70,66.49,96.18,97.92,88.66,113.96,68.74,67.70
99.39,64.71,98.18,95.73,89.09,114.95,67.04,68.43
99.12,65.76,97.85,95.89,88.44,114.51,68.66,67.50
99.21,64.98,97.44,96.80,88.74,114.08,67.64,66.24
100.11,67.09,96.77,95.48,87.33,113.96,68.57,65.73
99.03,66.26,95.50,96.61,88.07,113.53,67.49,66.29
99.52,65.86,95.57,94.95,87.89,114.68,66.67,66.24
99.74,66.54,95.17,96.46,87.68,113.68,67.30,67.02
99.37,65.10,96.42,94.60,88.54,114.51,65.77,66.97
99.53,65.93,98.20,97.27,87.38,114.73,68.04,67.13
98.18,65.62,97.58,96.68,88.71,113.77,67.61,68.01
99.81,65.53,98.40,97.56,89.29,113.54,67.41,66.38
99.45,67.21,96.90,97.30,88.23,114.02,68.19,65.80
99.65,67.02,95.43,95.66,87.69,114.34,67.16,65.88
99.10,67.14,95.42,97.38,87.34,112.72,67.11,65.70
99.84,66.80,95.35,95.75,88.23,114.81,67.19,67.29
99.77,65.55,97.69,97.46,87.51,115.99,67.88,67.59
98.69,65.95,96.28,96.42,89.80,114.45,67.70,68.09
99.29,65.24,97.18,97.04,88.73,114.12,68.55,67.76
98.02,66.71,96.40,96.82,88.37,113.82,67.27,66.79
100.42,65.64,96.90,95.14,87.75,113.58,66.94,66.02
100.26,66.74,97.20,96.03,86.77,113.96,67.35,65.38
99.67,66.49,96.31,95.91,87.24,112.43,68.05,66.73
100.10,66.14,97.10,95.98,87.19,113.73,67.05,65.87
97.60,59.91,95.88,97.13,88.35,112.92,68.42,68.21
98.81,65.24,97.37,95.35,89.22,113.75,66.76,68.45
99.26,65.88,97.66,97.85,87.85,115.03,68.64,67.39
98.61,65.10,97.88,98.34,89.57,114.09,68.33,67.19
100.11,66.12,96.68,96.24,88.11,114.20,68.22,67.13
97.62,66.45,96.46,95.77,87.87,113.30,68.55,66.26
100.18,66.77,96.54,95.56,88.33,114.03,67.44,66.57
99.60,66.65,95.40,95.45,87.56,113.61,66.83,66.85
99.33,65.86,95.25,95.33,89.07,113.80,66.49,68.79
99.06,66.10,97.70,96.92,87.07,114.88,67.50,66.29
98.98,64.64,96.72,96.33,88.74,114.72,68.20,68.36
98.81,65.15,98.18,96.97,89.29,114.54,67.93,67.12
98.94,67.14,97.34,96.53,88.16,112.87,67.58,66.35
100.42,65.80,96.41,96.02,87.82,113.73,67.72,66.25
99.88,66.21,97.09,97.20,87.36,112.58,67.21,65.95
99.62,65.94,95.38,95.25,88.59,114.29,66.95,67.99
99.56,65.70,96.27,96.09,87.66,114.43,67.25,66.90
99.39,66.07,96.54,98.08,89.43,113.59,68.00,67.69
98.60,65.34,97.73,97.43,88.93,114.81,67.93,67.15
98.95,66.14,97.47,96.86,88.41,113.13,68.63,67.07
99.14,64.64,96.39,96.18,88.29,114.12,67.44,66.76
100.58,66.82,96.36,95.46,87.56,113.45,66.84,65.70
99.41,67.48,97.52,95.85,87.80,112.80,66.64,66.97
100.29,65.92,96.69,96.14,87.68,114.71,66.23,66.55
99.70,66.72,94.24,98.28,89.37,112.36,67.46,67.15
98.12,64.16,95.67,97.57,89.45,113.08,66.79,66.57
101.20,65.61,95.06,96.66,87.77,112.71,66.53,66.26
100.17,67.06,98.82,98.44,85.91,115.33,69.95,66.15
99.58,64.74,96.55,96.68,88.64,113.58,67.96,67.59
100.11,66.63,96.40,96.77,88.53,114.02,67.79,66.27
99.03,67.04,96.32,95.89,87.70,113.53,68.03,66.15
99.88,66.09,96.89,95.60,87.23,114.30,67.22,66.51
99.73,66.29,96.15,97.16,87.73,112.23,67.98,66.66
99.30,66.02,96.56,95.34,88.26,114.69,67.29,68.17
99.97,65.06,97.58,97.82,87.04,114.30,68.19,66.67
98.10,65.58,96.68,96.19,89.61,114.60,68.74,68.01
99.78,65.85,97.68,95.70,89.18,113.68,68.47,66.49
99.24,66.89,96.35,97.01,88.77,113.61,69.21,66.96
100.88,65.98,96.32,95.57,88.08,114.14,66.80,67.13
100.68,66.70,95.65,95.33,87.85,113.25,67.57,65.83
99.48,66.73,96.95,95.49,87.31,113.74,66.46,67.59
99.06,66.09,99.07,96.87,87.63,114.09,66.52,66.30
98.65,65.62,95.33,96.21,89.05,114.53,68.73,68.39
99.52,64.99,98.78,97.08,88.47,109.25,67.54,68.04
98.01,65.62,96.94,96.56,88.25,114.37,68.70,67.35
98.86,65.26,97.03,95.38,88.79,113.65,67.98,66.82
100.89,66.37,96.44,95.26,88.35,113.81,68.11,65.25
98.95,67.21,95.43,95.55,87.91,113.32,67.11,66.89
100.17,65.88,95.78,94.42,88.31,113.62,67.14,66.13
99.79,65.49,95.37,96.85,87.67,112.48,68.73,68.03
99.21,65.04,97.03,96.25,89.22,115.08,67.14,68.16
99.30,65.21,98.25,97.55,88.19,114.34,68.17,66.82
98.08,64.57,96.80,96.26,88.58,114.62,67.99,67.73
99.41,66.12,96.50,95.54,88.25,114.06,68.28,65.95
99.73,66.29,96.52,95.99,88.68,113.50,68.20,66.45
100.49,66.49,97.04,95.57,87.90,113.41,66.61,66.54
99.39,66.27,95.67,97.89,87.01,113.16,68.17,66.34
99.07,65.38,96.36,94.33,89.08,115.07,66.33,67.92
100.03,65.68,98.07,98.11,87.42,114.87,68.75,67.21
99.26,65.23,98.01,97.11,88.66,113.72,69.10,67.68
98.85,65.23,96.26,96.43,88.56,113.87,67.76,67.58
99.09,66.38,96.54,96.47,88.56,113.80,67.87,67.20
100.44,65.74,96.07,94.95,88.62,112.91,68.24,65.88
99.82,67.17,96.53,96.27,88.06,113.50,67.29,66.46
99.70,66.36,96.47,95.39,87.89,112.39,66.50,66.74
99.90,66.07,97.31,95.76,88.96,115.05,69.93,66.33
98.09,65.37,97.19,96.70,89.31,113.33,68.36,66.52
100.90,67.62,94.18,95.00,88.64,112.69,66.78,66.50
100.27,63.66,95.17,97.17,89.04,114.97,67.57,66.59
98.09,67.29,97.09,96.84,88.13,113.86,68.16,66.61
101.07,64.23,96.27,95.88,88.20,113.53,67.17,67.25
99.83,66.84,97.28,95.98,87.26,113.98,66.82,65.52
100.67,66.29,95.17,95.79,87.47,113.93,67.34,66.85
100.09,65.80,95.86,94.90,88.34,113.98,66.46,66.51
99.02,66.02,95.98,98.37,88.74,113.73,69.11,67.33
99.63,64.91,96.98,95.94,88.80,114.95,66.19,67.89
98.99,65.15,97.27,96.32,88.08,114.65,68.92,67.28
98.66,65.22,97.65,96.75,89.40,113.66,68.36,67.11
100.39,66.78,95.87,95.79,88.45,113.98,68.35,66.49
99.57,66.23,96.44,97.34,87.42,113.44,67.08,66.71
100.69,66.06,95.59,95.95,87.24,114.98,67.01,65.57
99.27,67.10,94.88,96.16,87.28,113.72,66.69,66.37
99.39,65.64,96.58,94.83,88.35,114.46,66.73,67.58
99.08,64.90,97.46,96.84,87.10,115.22,67.79,66.59
98.57,65.41,95.99,97.15,89.82,114.49,67.75,67.26
98.87,66.12,97.90,97.34,89.40,114.36,68.02,67.59
98.19,66.78,96.54,96.64,88.13,113.65,69.31,66.57
99.25,66.27,98.39,96.77,88.58,114.58,67.95,66.61
99.91,67.60,96.70,95.42,87.46,114.00,67.06,66.49
99.61,66.61,94.81,95.51,88.04,112.59,66.74,66.89
99.58,66.32,98.08,96.88,86.84,115.03,66.64,65.53
98.52,66.48,95.54,97.28,88.52,114.49,69.26,67.37
99.08,64.95,97.68,95.75,88.72,114.75,66.83,68.28
99.28,65.68,98.94,96.61,88.18,114.27,68.37,66.77
99.18,64.41,96.63,96.82,88.75,113.19,68.11,67.94
100.31,67.04,96.92,95.78,87.92,113.21,67.79,65.66
98.91,66.40,95.92,96.08,88.37,112.61,67.43,65.97
100.57,66.47,95.14,95.08,86.68,114.61,66.57,66.72
99.16,65.53,96.24,98.34,87.05,112.60,67.37,67.37
99.75,65.69,96.59,95.64,89.50,115.63,66.58,68.54
98.90,65.57,97.81,96.56,87.54,114.55,67.79,67.59
98.38,65.77,98.07,97.37,89.01,113.44,68.72,67.66
99.23,64.99,97.31,97.46,88.44,114.34,68.60,67.51
98.55,67.47,96.08,96.30,88.05,112.82,67.98,66.69
100.13,66.14,97.77,94.72,88.44,113.45,66.31,66.82
99.60,67.52,95.74,96.23,87.48,113.91,66.92,66.16
99.52,65.93,95.90,94.63,87.80,114.47,66.92,66.90
99.78,65.18,97.21,96.22,88.16,114.55,66.88,66.25
98.09,67.18,96.01,96.65,88.87,114.11,69.12,66.37
99.20,66.32,97.45,94.13,86.67,114.29,67.42,66.52
99.05,65.91,94.43,96.36,89.32,114.33,66.08,68.77
97.71,66.20,97.51,96.12,89.87,113.90,69.52,67.14
99.76,65.00,96.02,95.66,88.30,113.68,68.19,67.65
100.07,66.86,97.15,96.32,87.30,113.16,66.94,66.20
100.66,66.31,94.50,95.50,87.55,113.09,66.80,66.40
100.00,65.86,96.31,95.29,87.98,114.83,66.87,66.44
98.72,65.54,95.71,97.29,87.89,113.80,68.05,68.61
99.18,65.84,97.66,95.44,89.18,115.15,67.12,68.31
98.81,65.48,97.11,96.19,88.40,113.70,68.56,67.41
99.02,65.52,96.65,96.71,88.52,114.00,67.84,67.51
99.84,66.26,96.65,96.84,87.39,112.86,67.92,65.97
99.97,67.55,95.25,95.28,87.98,112.47,67.71,66.04
99.65,66.71,96.46,95.23,87.70,114.17,66.14,66.33
99.30,65.49,96.72,96.97,87.85,113.24,68.26,67.12
99.51,65.01,97.36,96.97,88.89,115.23,66.10,68.47
98.90,65.45,97.25,97.13,87.53,114.13,69.31,67.19
100.06,66.44,98.05,97.06,90.23,114.77,67.37,68.91
99.82,67.16,97.59,96.44,88.13,111.91,68.18,67.26
98.57,67.72,95.86,96.05,87.49,114.61,67.29,68.76
97.46,64.31,97.48,96.88,89.56,113.46,68.73,67.74
100.18,65.20,97.04,95.46,88.45,116.36,67.60,66.76
99.42,66.14,96.40,95.29,87.98,113.97,67.91,65.65
100.38,66.69,95.36,96.61,87.46,113.39,67.51,67.22
99.42,66.63,97.10,95.60,87.66,114.82,66.26,66.47
98.89,66.45,95.83,97.34,87.41,114.11,67.92,68.54
98.97,64.87,97.18,95.42,89.58,115.02,67.15,67.95
99.26,64.78,97.65,96.53,88.70,114.12,68.76,67.34
98.93,65.75,98.04,96.73,88.27,112.90,67.95,66.79
100.31,66.13,96.81,96.80,88.01,113.98,67.74,66.20
99.76,67.45,96.61,96.13,88.24,112.59,68.01,66.11
100.98,66.59,95.48,95.67,88.35,113.16,67.16,65.49
99.50,65.29,96.13,98.68,89.63,112.93,67.75,66.72
98.29,64.71,97.45,98.30,89.95,114.63,69.05,65.68
97.74,67.55,97.54,96.59,88.28,112.10,68.16,67.23
100.57,65.28,97.51,97.62,87.99,113.62,67.37,66.90
99.19,64.51,96.49,97.14,89.55,114.31,67.87,67.97
99.40,65.40,97.51,96.18,88.25,113.39,67.83,66.42
98.66,67.48,96.57,96.30,88.19,112.95,68.36,66.67
100.77,65.94,95.78,96.55,87.26,113.47,66.96,66.86
100.00,66.98,96.65,95.91,87.56,112.73,67.22,65.50
99.73,65.92,96.22,94.65,87.71,113.30,67.18,67.49
99.20,65.53,98.45,95.61,87.14,115.35,67.43,65.92
98.17,65.85,96.55,97.95,88.61,114.01,69.47,67.80
100.05,65.01,97.04,96.56,88.48,114.34,68.76,68.07
98.73,66.77,98.26,96.62,88.45,114.06,69.01,66.69
99.95,65.52,96.36,96.17,88.23,113.59,68.42,66.12
99.55,66.55,95.70,94.82,87.37,114.43,67.58,66.82
100.17,66.34,95.97,95.07,87.02,112.60,67.96,67.94
99.48,65.70,96.54,95.96,87.60,115.07,67.98,66.18
98.62,65.28,96.62,95.96,88.03,113.95,68.00,67.01
98.50,65.23,98.27,97.82,89.64,114.42,65.93,67.39
99.21,64.87,96.23,97.46,88.55,114.32,67.85,67.47
98.64,64.83,96.78,96.30,88.68,113.42,68.19,67.44
99.74,67.38,96.42,95.72,88.71,114.11,67.43,66.41
98.95,66.70,96.14,95.41,88.26,113.94,67.86,66.48
100.18,67.12,95.83,94.87,88.22,114.23,67.04,66.16
99.97,66.28,95.84,98.01,87.14,113.20,67.51,67.37
98.83,65.63,96.60,95.31,89.53,114.85,67.89,68.54
99.64,65.89,97.04,96.88,87.00,115.12,68.07,67.97
97.96,65.87,97.40,96.13,89.62,114.68,69.12,67.38
98.86,65.32,98.26,96.26,89.21,114.16,68.24,66.79
98.49,66.48,96.47,96.95,88.73,113.50,68.75,66.95
100.27,66.19,95.55,96.15,87.78,113.84,68.17,66.06
99.85,67.53,95.70,95.74,87.07,113.05,67.33,65.69
99.68,65.84,96.17,94.45,87.50,113.37,66.20,67.58
99.46,66.33,98.83,96.27,87.94,114.92,67.39,66.47
98.82,65.74,97.31,97.48,88.30,114.99,69.48,68.11
98.14,65.47,97.87,96.26,89.18,115.06,67.41,67.31
98.80,65.48,97.40,96.73,87.91,114.14,68.35,67.14
99.49,64.36,96.63,96.07,88.71,113.20,67.70,67.60
100.76,67.76,95.89,95.58,87.52,113.68,68.51,65.84
99.58,66.27,95.86,95.50,87.39,113.70,67.33,68.01
100.02,66.36,96.42,95.22,87.01,114.05,66.65,66.89
99.94,66.25,95.98,97.57,86.86,113.04,67.58,67.63
99.30,64.82,96.76,96.64,88.54,115.19,66.67,68.27
98.40,64.72,96.69,97.54,88.43,114.19,69.81,67.34
99.68,65.19,96.63,96.26,89.15,114.27,69.08,67.18
100.43,65.77,96.37,95.48,88.97,113.47,67.69,66.65
99.84,67.09,97.45,95.99,87.82,112.11,68.00,66.56
99.60,66.32,96.22,95.12,88.02,113.75,66.80,66.23
100.00,67.12,96.44,97.01,86.89,112.89,67.89,66.05
99.72,65.95,96.91,94.85,88.22,114.31,67.31,67.91
99.17,65.42,97.59,97.45,87.09,114.82,68.95,66.30
98.59,65.33,95.45,96.43,88.95,113.41,68.56,67.34
98.71,65.74,97.67,96.84,89.19,114.76,67.35,67.23
98.25,66.84,97.76,96.43,89.36,113.53,69.08,66.44
100.51,64.83,95.81,95.20,88.84,113.55,67.98,66.98
101.37,67.05,96.46,95.62,87.82,112.85,67.33,65.91
99.60,66.45,95.05,95.95,87.32,113.12,67.85,67.36
100.01,66.03,98.91,96.63,87.04,115.56,67.32,65.73
99.23,66.29,95.86,98.08,87.53,113.49,69.17,67.74
99.32,65.30,97.54,95.48,88.89,115.64,67.35,68.35
99.12,65.11,97.09,97.87,87.63,115.04,69.85,68.15
99.15,64.80,96.76,97.04,88.88,114.45,67.88,68.00
99.60,66.24,97.46,96.91,88.98,113.86,67.92,66.90
98.87,67.05,96.09,97.44,87.46,112.15,67.49,67.02
100.74,66.04,96.61,96.06,87.56,114.28,66.77,66.46
99.43,66.42,96.16,96.39,87.49,112.73,68.06,66.60
99.79,66.26,96.80,95.38,89.52,115.98,66.07,68.23
98.85,65.65,97.51,96.81,87.37,114.93,67.91,67.33
98.72,65.54,97.08,97.39,89.83,115.00,68.67,67.22
99.34,65.04,98.14,97.13,89.51,114.91,68.85,67.27
98.62,67.16,95.77,96.34,87.89,113.74,67.99,66.90
100.21,65.29,96.19,96.11,88.54,114.11,67.47,66.52
100.33,67.24,96.75,96.30,88.07,113.24,67.56,66.54
99.41,67.22,96.26,96.15,87.18,113.76,66.55,67.92
99.52,65.52,96.88,97.73,87.57,114.58,67.15,66.50
99.32,65.79,96.00,95.88,88.13,114.50,67.55,68.54
99.20,65.64,97.95,97.08,89.66,114.90,67.64,67.52
98.77,65.25,97.84,96.72,89.58,115.14,68.47,67.13
99.01,65.02,97.12,96.79,88.59,113.78,67.99,67.19
100.44,67.33,98.00,95.95,88.76,114.58,67.34,66.95
98.73,66.56,96.62,96.44,87.31,112.44,67.85,66.11
100.23,66.97,96.43,94.79,86.77,114.67,66.65,66.12
99.81,66.45,95.96,96.37,87.40,112.94,67.93,67.73
98.31,66.15,96.42,95.15,88.67,114.20,67.03,68.19
98.86,65.59,97.38,98.05,87.83,114.36,69.50,67.90
99.41,65.65,97.29,97.31,89.50,114.45,69.23,68.04
100.09,65.28,96.61,96.05,89.17,113.66,68.84,66.61
98.50,67.26,96.56,96.87,88.77,112.67,68.43,67.40
100.29,64.72,95.93,95.07,87.68,113.09,67.81,66.47
99.78,66.98,95.86,96.63,87.87,113.61,67.02,65.99
99.65,66.44,95.63,95.63,87.61,113.38,66.76,67.07
99.69,65.89,99.09,96.31,86.97,115.66,66.30,65.69
98.89,66.26,96.41,97.76,88.46,114.05,69.12,67.05
98.85,65.03,97.72,94.81,89.33,114.22,67.15,66.65
100.70,65.06,94.50,94.21,89.57,112.73,67.60,68.66
98.10,64.37,97.60,97.36,89.20,115.15,67.15,66.92
100.27,65.18,96.86,97.17,88.25,113.46,67.90,67.49
99.77,67.79,98.36,97.55,87.84,113.91,67.10,67.28
99.92,63.85,98.62,95.82,89.12,114.74,67.16,68.97
98.03,67.84,96.75,97.15,86.59,113.81,67.67,65.97
99.87,67.74,98.01,95.89,86.01,114.38,67.34,66.29
99.28,65.55,96.06,97.38,87.86,113.52,68.80,68.50
98.53,65.51,97.39,96.77,88.72,115.12,68.03,68.14
99.01,65.24,96.60,96.76,88.56,113.51,68.91,67.57
99.97,64.83,97.52,95.72,88.45,113.54,68.30,66.70
100.09,67.61,96.98,95.86,88.36,113.72,67.60,65.74
100.19,67.29,96.37,96.16,87.50,113.51,66.80,67.07
100.66,66.42,96.31,95.28,87.27,114.82,66.51,66.64
99.46,65.76,96.92,96.72,87.45,113.65,67.86,68.42
99.88,66.18,97.86,95.97,88.61,115.89,67.12,68.12
99.59,65.99,97.75,97.88,87.64,114.28,69.46,67.73
99.20,65.20,97.69,96.71,89.28,114.72,68.90,68.25
97.71,66.06,98.25,96.30,87.52,113.49,68.29,66.17
99.82,66.32,96.29,96.39,88.56,114.24,66.35,68.19
99.30,64.83,96.92,96.28,88.91,115.14,67.55,66.52
99.38,66.22,97.83,95.34,87.96,114.12,68.27,66.95
100.68,66.65,97.19,95.97,87.99,114.24,67.41,66.69
100.97,67.16,95.33,95.24,87.52,112.98,67.85,67.62
99.80,66.41,98.07,95.77,87.94,114.40,66.78,66.61
99.09,66.04,95.43,97.82,87.70,106.57,67.88,67.17
98.88,65.87,97.57,97.48,88.55,115.74,66.91,67.97
98.20,65.35,97.59,97.13,89.18,114.66,69.59,67.49
98.78,65.19,97.11,96.77,89.47,113.61,67.66,67.27
100.41,66.71,96.26,96.45,87.76,113.87,67.95,66.66
99.39,66.80,97.63,96.61,88.72,112.92,68.72,66.72
100.37,67.49,95.94,95.57,87.53,114.21,66.94,66.51
99.98,67.45,96.20,96.75,87.62,113.46,67.54,66.31
99.23,65.52,98.09,96.31,89.42,114.59,67.80,68.06
100.04,64.73,98.28,98.49,87.37,115.02,68.44,67.36
98.62,65.33,96.95,97.56,89.90,114.80,69.46,68.34
100.12,65.70,97.47,96.84,89.10,114.36,69.70,66.77
98.24,67.01,97.51,97.65,88.23,113.68,68.96,67.70
100.49,65.30,97.14,95.40,88.58,113.72,67.29,67.32
100.78,67.81,96.46,96.03,87.50,112.93,67.72,66.20
100.30,65.70,95.63,95.05,87.56,114.00,67.43,68.10
100.24,65.65,97.34,96.10,87.48,115.55,67.45,65.98
99.65,65.44,97.18,98.60,89.19,114.62,69.16,68.54
99.44,65.00,97.66,96.67,88.72,114.85,67.86,68.38
99.39,66.03,97.17,97.08,88.22,114.39,68.91,67.87
99.41,64.29,97.78,97.05,88.48,114.70,67.43,67.64
99.91,66.28,97.16,95.55,88.70,114.06,68.25,66.62
100.76,67.30,95.73,96.59,88.34,113.08,68.16,66.05
100.79,66.58,97.15,96.08,88.18,115.18,66.70,65.90
100.07,66.41,96.52,95.61,87.23,112.70,66.89,66.26
99.71,66.61,96.64,95.71,89.07,115.81,66.35,68.22
99.52,65.89,97.30,98.99,88.50,114.57,68.42,66.98
98.42,64.85,96.98,97.16,89.30,114.03,68.07,67.47
99.23,64.65,97.03,96.59,88.55,114.92,68.62,67.91
99.25,67.51,96.32,96.93,88.10,113.68,67.71,66.20
99.43,65.83,95.89,95.92,88.47,112.90,67.56,66.27
100.17,66.60,97.29,97.23,87.92,112.65,68.15,66.94
99.20,66.04,95.42,96.21,87.99,113.81,66.92,66.33
99.23,65.77,97.02,95.81,87.39,114.04,66.69,66.12
97.90,65.47,96.93,97.35,88.95,113.15,68.31,67.59
99.47,64.78,99.16,95.39,88.74,113.83,66.48,67.59
98.38,66.50,97.36,97.11,88.63,114.29,68.16,67.38
99.44,65.35,96.55,96.03,88.07,112.94,66.16,66.08
100.27,67.42,95.48,95.25,87.19,113.49,67.11,66.02
99.87,66.76,94.02,96.06,87.39,112.52,66.99,66.28
99.29,66.16,96.89,95.21,86.88,114.31,67.52,65.11
99.03,66.61,94.69,96.54,87.13,112.90,67.51,67.22
97.34,65.25,95.66,95.06,89.07,114.31,65.39,67.27
97.51,64.82,96.17,96.72,86.42,114.75,66.62,73.33
98.40,65.02,94.84,95.28,88.89,112.74,67.47,67.76
99.00,66.57,96.08,95.72,87.45,113.42,67.67,66.06
98.51,66.39,95.53,94.84,87.35,112.40,66.80,66.59
99.75,65.49,95.12,95.10,87.28,113.26,67.33,66.26
98.93,66.17,94.42,95.06,86.75,112.04,66.29,66.75
98.41,65.32,94.93,94.36,87.48,112.90,66.13,67.53
98.23,66.22,97.79,96.56,86.54,113.63,67.24,66.47
98.40,65.90,95.65,96.07,89.24,114.04,67.94,68.03
98.76,65.70,96.94,96.16,88.25,114.34,67.21,67.49
98.44,66.36,95.93,95.80,88.21,114.16,67.60,66.73
98.72,64.83,96.53,94.56,88.20,113.60,66.24,67.09
99.85,67.47,95.60,95.20,88.19,112.30,66.26,66.11
98.77,66.72,94.35,94.70,87.48,112.51,66.65,66.90
99.51,65.86,95.93,95.01,86.93,114.33,66.76,64.77
99.00,65.49,94.69,96.15,86.85,112.51,67.82,67.51
98.36,65.48,96.83,96.18,88.63,114.82,65.34,68.21
98.19,65.80,96.22,95.04,86.27,112.86,67.84,66.54
99.77,64.12,96.08,93.89,86.38,112.56,67.38,66.34
97.85,67.06,95.22,95.98,86.60,111.53,68.22,67.40
97.51,65.88,97.64,97.94,89.41,114.86,67.07,66.80
98.20,65.51,95.82,96.62,87.97,112.95,66.71,66.19
100.27,65.88,94.94,94.81,88.36,114.02,66.68,66.65
99.50,66.82,94.70,95.03,87.48,113.02,66.33,65.88
98.79,65.82,95.36,94.37,88.55,113.56,66.42,67.61
98.53,66.06,97.21,97.25,86.66,114.92,67.84,66.08
98.07,65.51,95.64,96.43,89.93,113.74,67.67,67.99
99.86,66.09,96.94,95.96,89.02,113.43,66.66,66.39
98.16,66.92,96.67,95.82,88.00,112.74,67.73,66.41
100.03,65.01,95.49,95.17,88.05,113.45,67.18,66.80
99.51,66.99,96.16,95.69,87.03,112.37,66.16,65.62
99.19,66.83,95.43,95.66,89.03,113.10,66.36,66.89
99.07,65.46,96.44,95.51,87.60,114.32,67.01,65.43
98.24,65.37,94.51,95.89,87.80,113.77,68.31,67.68
98.24,64.42,97.33,97.26,89.34,113.51,66.37,67.20
98.47,65.90,95.62,96.37,88.71,113.65,67.82,67.14
99.42,65.33,95.45,94.58,87.88,113.40,66.98,66.58
99.83,67.37,95.62,95.14,88.39,112.90,67.79,66.61
99.44,66.04,94.41,95.26,87.13,113.56,67.09,67.77
100.48,66.11,94.81,94.04,87.07,113.71,67.13,65.81
99.29,66.77,95.80,98.28,87.36,112.36,65.92,67.13
99.24,65.61,95.73,93.78,88.08,115.56,65.90,67.44
98.71,65.69,96.58,97.52,88.45,114.59,68.46,68.13
97.95,64.36,95.43,96.19,89.37,114.28,68.02,64.98
99.10,70.43,95.30,94.87,88.59,113.84,67.33,66.25
98.64,67.66,94.71,94.49,87.49,112.40,66.98,66.48
99.83,65.89,96.13,94.88,87.13,113.32,66.79,66.40
99.72,66.23,96.06,95.82,87.68,112.96,66.94,65.60
99.24,65.36,95.65,93.82,89.09,113.17,66.33,68.46
98.74,65.05,97.25,97.51,86.45,114.17,66.84,65.92
97.97,65.25,94.95,96.77,89.99,114.10,67.83,67.19
99.04,65.28,96.22,95.20,88.58,113.22,66.58,67.11
97.33,67.40,94.98,95.63,88.41,113.41,67.28,67.05
98.58,65.54,95.26,94.15,88.52,112.25,66.99,66.10
99.36,67.28,94.82,95.58,87.51,112.30,66.90,65.45
99.34,66.22,94.99,94.75,87.75,113.03,66.02,67.99
99.04,66.13,94.58,94.87,86.66,113.35,65.31,66.37
98.21,65.95,95.25,95.21,88.03,114.08,67.10,67.81
97.54,64.45,96.17,96.10,89.28,114.29,67.09,67.95
97.42,65.44,95.25,95.11,87.66,112.65,66.27,66.65
98.18,64.98,94.70,93.81,87.82,113.12,66.57,66.46
98.75,67.25,95.78,94.81,87.18,112.86,66.47,65.94
98.94,66.66,95.30,95.57,86.95,111.41,66.01,66.78
98.74,66.27,94.82,94.95,86.93,114.70,66.04,65.93
98.46,65.38,93.84,97.54,87.49,111.86,66.53,66.95
97.74,64.60,97.25,95.92,88.70,113.48,65.29,66.74
98.27,65.81,95.49,95.96,88.60,113.29,67.20,66.05
97.21,65.00,95.16,94.51,88.65,112.67,67.01,66.29
99.07,66.02,94.86,94.37,88.06,112.51,67.05,65.74
98.95,65.88,94.54,94.00,87.24,111.63,66.95,66.20
99.06,65.97,93.49,93.46,87.56,113.73,65.66,65.91
97.94,66.02,95.49,95.67,87.12,112.08,66.44,66.16
98.62,65.61,95.40,96.87,89.75,113.18,67.01,66.22
96.67,67.40,95.68,96.65,89.17,113.72,67.00,67.05
98.01,66.79,97.26,96.69,86.20,113.30,66.97,66.68
97.32,64.72,97.58,96.94,88.35,114.01,68.51,67.16
98.18,65.96,95.29,95.04,87.92,112.27,67.06,66.23
97.89,67.44,95.03,95.43,88.24,112.25,66.97,66.27
98.43,63.66,92.48,93.89,88.71,113.91,66.30,66.45
97.83,66.87,92.85,96.73,88.74,112.89,68.30,68.44
98.85,65.31,96.88,96.65,88.07,112.11,67.21,66.72
99.63,66.59,95.51,94.09,88.37,113.13,65.75,66.53
98.14,65.77,94.81,95.01,87.54,112.53,65.72,65.73
98.98,65.19,94.31,95.73,88.01,112.63,66.59,67.60
97.64,64.39,96.11,94.78,89.02,114.07,66.73,66.96
97.24,66.52,96.91,97.15,87.54,113.04,67.27,66.89
98.54,65.45,96.20,95.24,88.19,113.40,67.20,66.72
99.45,65.82,95.82,95.38,88.08,111.20,65.74,52.18
97.93,66.43,95.28,95.54,87.55,113.46,66.23,67.10
100.48,66.24,94.02,94.67,87.24,113.98,67.07,65.43
99.89,65.64,96.37,95.96,86.79,112.35,67.95,66.82
99.13,65.71,95.43,94.53,88.15,114.45,66.48,67.89
98.06,65.22,96.11,97.05,86.85,114.17,67.63,66.29
98.01,66.01,96.81,96.38,89.31,113.54,67.59,67.33
99.71,65.29,96.27,95.27,88.69,113.49,68.19,66.77
98.09,66.71,95.14,96.20,88.42,113.20,67.53,66.12
99.57,65.17,94.90,94.62,88.30,112.76,66.95,67.11
99.55,66.65,94.41,95.36,87.74,113.05,67.37,66.51
99.77,65.84,95.45,96.10,86.84,112.93,66.01,67.08
99.25,66.48,95.22,95.45,87.94,114.10,65.78,66.28
99.06,66.39,94.78,96.75,89.36,112.55,67.95,67.11
98.26,65.18,96.38,96.64,88.59,114.66,66.96,67.90
98.54,64.59,95.95,95.92,87.86,113.69,68.25,67.09
98.45,64.37,96.27,95.61,88.87,112.98,67.16,66.56
99.70,66.79,95.45,94.67,87.37,114.81,67.48,66.78
99.06,66.15,94.79,95.07,87.35,112.99,67.31,65.61
99.31,66.52,94.76,94.98,87.32,114.24,65.75,65.40
98.64,66.10,94.55,96.41,86.70,112.44,67.23,67.26
98.86,66.37,94.71,94.82,88.47,113.91,66.31,67.67
97.62,65.64,96.54,97.52,87.43,114.45,68.10,66.56
97.38,65.26,95.15,95.40,88.99,113.78,67.63,66.65
99.19,65.99,96.29,95.28,87.87,113.37,67.18,66.64
98.24,66.93,95.24,95.16,88.55,112.77,66.95,66.87
100.20,66.05,96.58,95.28,87.76,113.36,66.31,65.62
99.07,66.80,94.86,95.73,86.50,113.04,67.02,65.36
98.56,65.97,95.80,94.49,88.58,114.62,66.04,68.45
98.85,65.59,96.21,95.64,87.20,113.71,67.58,66.18
97.95,65.21,95.37,96.82,88.99,114.61,68.38,67.53
99.27,64.82,96.99,95.57,87.96,113.89,67.28,66.77
97.95,66.73,95.97,96.31,88.54,112.40,67.64,66.40
99.36,64.45,95.93,94.62,87.91,112.81,67.27,67.01
99.52,66.87,95.13,95.49,87.07,112.44,67.43,65.77
100.11,65.70,95.06,95.89,88.35,113.05,67.53,67.08
99.51,65.69,95.77,96.70,87.65,115.38,66.29,65.02
98.12,66.48,95.22,96.32,88.56,113.85,68.09,68.17
98.98,65.10,97.55,96.01,88.42,114.65,66.88,67.49
98.20,65.11,96.52,95.51,89.41,113.02,68.33,67.11
99.24,64.15,96.32,95.76,88.76,113.19,67.83,66.96
99.06,66.54,95.60,96.45,87.67,113.39,67.54,65.89
99.45,66.40,94.62,94.76,87.98,112.72,67.01,66.76
99.59,66.23,95.35,93.80,87.57,114.50,66.67,69.33
98.53,65.53,95.47,96.88,87.56,113.13,67.12,65.98
98.15,65.40,96.28,95.06,88.67,114.08,66.16,68.40
98.53,65.04,96.08,96.24,86.70,114.01,68.48,68.01
97.87,64.87,96.28,96.41,89.44,114.45,67.32,66.70
99.65,65.53,96.23,95.36,88.62,114.16,68.18,66.82
99.06,66.40,96.41,95.69,87.95,112.33,66.65,66.81
99.83,66.55,96.73,95.91,88.10,113.17,66.17,66.05
99.62,66.60,94.33,95.21,86.83,112.82,67.20,66.40
98.59,66.33,94.50,94.69,88.47,113.70,66.55,67.87
99.48,66.15,97.40,96.05,87.44,114.27,66.68,65.48
98.13,65.80,94.80,96.16,89.20,113.76,66.99,68.42
98.30,65.59,97.78,97.10,88.78,114.24,67.15,67.08
97.91,65.35,96.52,95.40,88.79,113.25,68.35,67.26
100.11,64.80,95.95,94.86,88.98,113.11,67.29,66.84
99.41,67.26,95.60,95.58,86.13,111.86,65.88,65.50
97.91,66.71,97.04,95.44,88.64,115.00,66.21,67.07
98.85,66.73,97.62,97.06,87.24,113.91,68.38,66.20
98.74,65.54,95.24,93.44,86.74,113.45,65.97,65.44
99.25,66.75,94.36,97.19,88.25,112.88,67.46,67.30
98.42,65.31,95.75,94.59,88.59,114.23,66.05,68.51
98.91,64.82,96.33,96.31,88.58,112.81,67.86,67.18
98.90,64.97,96.72,95.16,88.18,113.83,68.21,67.31
100.16,66.15,96.73,95.24,87.44,113.10,67.36,66.58
99.10,66.92,95.24,94.92,87.36,112.69,67.28,67.00
99.97,66.39,94.84,94.09,88.09,114.43,65.54,65.44
98.88,66.59,94.12,95.77,87.20,112.53,67.47,67.89
98.36,65.13,96.65,93.96,88.83,114.85,65.96,67.91
98.29,65.59,97.11,96.91,87.63,113.60,68.34,66.60
97.89,65.88,95.11,95.86,89.12,113.46,67.62,67.49
99.06,65.76,95.88,95.67,88.34,114.11,66.89,66.34
97.69,67.14,95.01,94.50,88.50,112.84,67.24,66.67
100.33,66.01,94.47,93.77,87.74,113.28,66.93,65.57
98.88,66.06,94.28,96.70,87.07,112.14,66.64,66.47
98.49,65.14,95.65,94.49,88.90,114.27,66.43,67.66
98.61,65.77,96.42,96.08,87.80,114.54,68.22,66.82
98.38,65.42,95.69,95.47,89.64,113.29,68.14,66.94
99.65,65.72,95.62,94.92,87.99,114.11,67.88,67.26
97.75,66.77,95.54,95.93,88.38,113.19,67.42,66.43
99.13,65.79,94.63,93.79,88.63,113.17,66.55,66.07
99.35,66.66,95.88,95.16,87.40,111.87,66.34,65.29
99.26,65.67,94.60,95.20,87.93,113.51,66.54,67.90
98.79,66.21,95.91,95.61,87.89,114.20,66.68,66.11
98.92,65.50,94.98,95.94,87.55,113.44,67.71,67.97
99.31,65.57,97.52,97.26,89.25,124.24,66.69,67.42
98.46,66.90,95.40,95.46,88.38,113.35,68.11,67.36
98.66,64.21,94.70,95.24,88.49,113.72,67.17,67.11
99.75,66.37,96.54,94.60,88.38,113.77,65.96,65.96
99.14,66.33,95.53,94.89,87.70,112.78,66.93,66.12
98.96,66.18,95.60,94.56,87.31,114.84,67.51,65.07
99.05,65.76,94.41,95.75,87.74,111.58,67.29,67.66
98.66,65.07,96.11,94.99,88.70,114.33,66.44,68.53
98.93,65.36,95.62,95.27,87.89,113.67,67.71,67.92
99.15,64.67,95.77,95.55,89.12,113.39,67.47,66.69
99.91,66.19,95.15,93.99,88.39,113.92,67.78,66.75
98.79,67.62,94.22,94.85,87.93,112.41,66.52,66.18
99.67,66.04,94.45,95.04,87.64,113.51,66.53,65.16
98.55,66.06,94.97,96.35,87.86,112.92,66.58,66.83
98.68,65.31,96.20,96.24,89.92,114.53,65.91,67.70
98.50,65.56,95.25,97.40,87.05,114.10,67.62,66.73
97.27,64.46,96.45,97.27,88.68,113.39,67.69,67.28
98.53,65.11,95.40,96.03,87.68,113.66,67.21,65.58
97.91,66.65,94.60,96.07,88.55,113.28,67.36,66.63
99.04,65.91,94.17,95.11,88.11,113.84,66.33,65.80
99.93,67.07,94.54,95.47,86.95,112.98,66.60,66.15
98.82,65.34,94.04,93.75,88.18,113.57,65.57,67.50
99.05,65.72,96.72,97.50,86.94,113.33,67.22,66.84
98.30,65.34,95.48,95.87,88.52,114.45,67.51,66.99
98.90,64.79,95.89,95.01,88.40,113.97,66.94,66.72
98.39,67.05,95.27,95.31,88.27,113.64,67.77,66.04
100.19,65.21,96.09,95.01,88.05,112.16,66.25,66.78
98.94,66.96,95.65,94.23,87.32,112.79,66.78,66.06
99.36,66.41,94.56,94.36,87.91,112.42,66.55,67.49
99.03,66.44,95.56,95.25,87.88,113.95,66.42,65.70
98.64,66.04,94.75,95.85,89.70,113.49,67.90,68.55
99.09,65.15,95.68,95.32,89.16,113.53,67.48,67.45
98.80,65.68,96.66,96.01,88.01,113.94,67.49,66.50
98.55,64.66,95.64,95.86,89.38,113.60,66.94,67.67
99.71,66.11,96.23,94.49,88.62,113.77,66.81,66.12
98.34,66.89,94.21,96.01,88.21,112.26,65.84,65.42
99.75,66.87,94.92,94.97,87.66,113.17,65.52,65.05
98.50,65.58,94.16,97.33,86.89,112.23,67.36,66.71
97.83,65.32,95.20,94.90,89.59,114.92,65.51,67.88
98.69,65.11,94.57,97.08,87.00,113.53,68.52,66.17
97.65,65.13,95.84,95.49,89.69,114.68,68.63,67.20
99.66,66.18,96.18,96.06,87.92,113.65,66.76,66.45
99.06,67.56,94.79,95.18,87.66,112.51,67.54,65.50
100.31,67.53,95.15,96.04,87.94,115.86,66.30,65.73
99.87,66.22,95.48,95.78,87.26,112.09,66.43,65.87
98.51,66.17,95.58,94.49,88.84,114.27,65.90,66.57
98.72,64.80,95.52,96.98,86.72,114.74,67.55,66.03
98.05,65.27,95.11,96.20,89.47,113.14,67.72,68.00
98.58,65.30,97.35,95.39,88.20,114.50,67.56,66.99
97.25,66.77,95.85,95.91,87.72,113.25,67.63,67.02
99.90,65.76,94.66,94.27,87.73,113.14,66.42,66.93
99.95,67.27,96.38,94.53,87.61,112.24,65.98,66.43
98.55,66.23,94.55,94.31,88.23,112.63,65.72,67.49
99.35,65.94,95.29,95.65,87.61,113.86,67.52,65.49
98.68,65.53,96.15,96.09,89.70,114.52,67.02,67.94
98.05,65.70,96.18,96.57,89.12,114.27,67.02,66.46
98.28,66.57,96.17,95.81,88.76,113.70,66.95,66.07
98.27,64.74,95.52,96.09,88.55,113.54,66.50,65.73
99.54,67.78,95.00,94.77,88.05,113.29,66.29,66.00
99.32,67.14,94.55,95.96,87.59,113.27,66.19,66.74
100.14,65.60,95.24,94.82,87.23,114.42,65.51,66.71
99.52,66.22,96.44,97.31,88.92,113.86,69.17,69.33
98.46,65.52,99.22,98.02,89.99,116.30,68.66,68.39
99.23,65.75,98.63,97.38,88.99,115.62,69.89,68.06
99.06,65.15,97.63,95.89,89.45,114.63,68.68,66.78
100.39,67.16,97.47,97.17,88.73,113.62,68.51,65.68
100.51,67.11,97.47,96.97,87.83,114.47,68.38,67.56
100.35,66.22,96.48,96.09,87.71,115.77,67.99,66.43
98.93,66.51,95.83,97.78,87.08,114.31,68.62,69.19
99.75,65.79,99.36,97.24,89.36,115.79,67.48,67.76
99.61,65.28,98.48,97.47,88.70,114.75,69.81,67.61
99.35,65.39,98.31,98.06,88.81,114.29,68.91,67.87
100.71,66.55,97.67,97.56,88.59,115.21,68.99,67.29
98.95,66.84,96.56,96.39,87.81,114.15,68.37,66.87
100.96,67.12,96.87,96.33,87.61,115.10,68.06,66.20
99.40,66.52,96.88,96.48,87.45,113.78,67.97,66.74
99.76,65.13,97.80,96.86,88.34,116.05,68.52,68.25
99.47,65.68,97.83,97.98,87.68,116.22,68.91,67.29
99.14,65.79,97.39,97.72,89.98,115.27,69.42,67.55
99.41,64.72,98.21,97.50,88.41,116.12,68.97,67.17
99.06,66.85,97.52,97.02,88.56,114.13,69.26,67.50
101.10,65.14,96.79,97.60,88.75,114.64,68.05,67.21
100.12,66.11,97.28,97.84,87.83,114.55,67.73,67.09
99.40,66.12,97.24,96.62,89.03,115.16,67.98,67.47
99.56,65.39,98.57,98.33,86.85,115.17,69.16,67.62
97.96,65.93,96.38,97.50,89.81,115.51,70.23,68.60
99.67,65.03,97.99,97.23,88.81,115.21,69.07,67.77
98.68,59.55,97.79,97.41,88.98,114.72,68.53,67.56
100.68,65.40,96.80,96.49,88.78,114.51,68.23,67.07
99.83,66.98,97.43,95.83,88.22,114.10,67.98,66.53
100.48,66.01,96.66,96.29,86.67,115.38,67.71,69.27
99.94,65.33,99.20,98.48,88.34,113.50,68.43,66.56
98.36,63.80,95.20,96.51,88.49,113.06,67.60,66.40
99.50,65.54,97.22,96.69,87.28,114.79,69.49,70.34
98.24,64.99,96.67,98.62,89.05,115.49,69.04,67.42
98.85,66.69,97.97,97.53,89.20,115.33,70.01,67.72
99.20,64.75,96.15,96.44,88.38,114.48,68.63,66.79
101.14,67.66,96.50,96.09,87.46,114.49,67.84,67.08
100.17,66.97,96.29,96.17,88.16,114.81,67.67,67.41
100.46,66.15,96.97,95.87,87.88,116.36,68.25,66.94
98.88,65.99,97.23,99.28,88.30,115.52,69.15,69.06
100.58,65.20,100.76,100.94,90.11,117.28,66.81,66.39
97.59,67.04,95.34,96.43,88.35,113.07,67.32,67.24
97.64,65.32,95.34,96.20,88.59,111.30,65.63,65.93
98.97,67.04,93.96,94.54,88.09,113.12,67.11,66.71
100.03,66.35,93.89,95.36,87.05,112.40,65.68,67.34
99.07,66.22,96.82,95.65,86.59,114.25,65.92,66.52
98.65,66.16,94.80,97.02,88.88,113.90,66.58,67.86
98.12,64.88,97.33,94.37,88.84,114.21,65.70,67.22
97.79,65.87,95.96,96.12,88.71,113.59,68.29,66.17
99.22,65.21,95.58,95.36,88.71,114.23,67.85,66.33
99.21,67.37,95.29,94.66,88.41,113.43,66.40,65.55
98.85,67.16,93.80,94.54,88.18,112.98,66.75,67.01
99.64,66.81,95.03,94.64,87.38,115.45,66.56,65.61
99.05,66.39,93.97,96.02,87.61,112.91,66.81,66.78
98.85,65.92,96.69,96.12,89.31,114.82,65.49,66.94
98.47,66.09,96.96,96.75,87.19,113.83,68.47,66.36
97.89,64.77,95.18,94.95,88.30,112.96,67.28,67.48
100.03,64.87,95.45,94.29,88.61,113.63,66.52,65.89
98.54,66.34,94.86,96.20,87.54,112.66,67.21,66.55
99.53,65.60,93.82,95.61,88.47,113.71,66.70,65.37
99.31,66.82,95.04,96.82,87.35,112.67,66.58,66.60
98.49,65.57,95.39,94.40,88.20,113.44,66.46,68.23
99.00,66.30,95.61,95.94,87.05,115.10,67.25,67.29
97.00,65.74,94.73,97.23,89.33,113.44,67.73,67.13
98.94,65.41,95.77,94.89,88.21,113.69,68.13,66.97
97.81,66.73,94.57,94.90,87.70,112.50,67.03,66.84
98.77,65.22,94.25,93.97,88.37,112.74,67.35,66.45
99.47,66.07,94.53,94.07,86.94,112.29,66.42,66.41
99.46,66.13,93.34,93.75,87.44,112.86,66.02,68.05
98.35,65.96,95.96,95.72,87.12,125.47,69.44,66.16
98.03,65.64,94.42,95.44,89.13,112.86,64.68,67.43
99.09,65.06,96.89,94.76,88.74,113.14,67.83,67.64
97.10,66.40,95.75,96.76,88.17,112.78,67.87,66.44
99.54,64.80,94.78,94.95,88.28,113.03,66.31,66.25
99.19,66.34,94.42,95.07,87.35,113.04,66.05,66.52
99.65,66.39,94.15,95.37,86.82,111.83,65.77,67.49
99.37,65.33,96.31,95.35,86.74,114.29,66.08,66.66
98.13,66.37,94.39,97.38,88.53,113.30,68.04,67.82
98.58,64.86,96.34,95.32,88.81,114.55,66.96,67.54
98.38,65.85,95.68,96.95,89.20,113.69,67.67,67.02
98.08,65.23,95.44,95.31,89.09,112.97,66.22,66.02
99.55,66.98,95.22,95.72,88.06,112.97,66.89,65.52
99.14,67.05,94.87,95.19,87.18,113.15,66.50,65.60
98.79,66.18,95.40,95.46,86.86,114.53,65.58,66.03
98.88,65.32,95.23,95.71,88.59,113.34,68.08,67.63
98.16,64.79,96.16,94.00,88.28,115.20,66.50,67.29
98.48,65.53,95.78,95.94,88.55,113.41,67.36,67.36
98.21,65.49,95.95,95.22,88.02,113.02,66.85,67.01
99.09,66.34,95.38,94.46,88.38,112.13,66.79,65.65
98.90,67.28,95.24,94.70,88.22,112.43,67.46,65.29
99.93,67.00,95.34,94.54,87.20,113.05,65.71,64.89
98.90,66.39,94.59,95.48,87.59,111.66,67.09,67.27
99.18,65.88,95.68,94.37,88.20,114.91,66.11,67.67
99.03,65.23,96.16,96.99,87.28,113.21,67.81,67.37
97.50,65.39,95.34,95.24,88.76,113.15,66.77,66.12
99.66,65.84,94.93,95.16,88.24,113.22,68.20,65.88
98.86,66.98,94.28,95.09,88.11,113.08,67.72,65.96
100.01,66.75,95.04,94.09,88.34,113.89,66.32,66.61
99.42,66.79,94.84,95.62,87.78,112.91,66.26,66.66
98.18,65.14,92.80,95.42,89.06,115.61,67.09,69.02
99.73,65.94,94.98,95.03,87.85,113.69,68.69,68.07
99.57,66.43,95.71,94.04,87.96,111.47,67.04,66.87
98.02,67.65,94.09,96.22,88.22,112.24,68.97,67.81
98.73,64.97,97.11,95.77,88.49,113.41,66.69,68.10
97.83,65.81,95.92,96.61,88.01,113.50,67.53,67.23
98.58,65.07,96.72,96.52,87.96,113.00,66.81,66.54
100.32,65.92,96.60,95.77,88.22,113.15,66.30,66.24
98.54,66.80,94.50,94.20,87.73,112.13,66.82,66.72
99.22,66.88,94.24,93.48,87.33,113.82,66.76,65.54
99.26,66.15,94.41,97.36,87.90,111.97,67.42,67.08
98.66,65.02,94.54,95.24,89.35,115.35,65.69,67.98
98.58,64.81,95.19,96.91,87.64,114.39,68.54,67.54
98.19,64.37,95.18,95.15,89.30,113.37,68.13,66.82
100.80,63.05,95.96,96.79,87.98,112.96,66.99,66.03
97.24,66.28,95.84,94.35,87.82,112.95,67.22,65.81
99.84,66.17,96.42,94.92,87.46,112.28,66.51,66.50
99.61,66.19,94.78,94.92,87.69,112.47,66.77,66.15
97.97,66.45,95.09,94.50,88.69,113.12,66.33,67.16
98.38,65.15,96.61,96.88,86.91,114.59,67.85,66.15
97.28,65.38,95.38,95.88,88.80,114.04,67.62,67.74
99.07,64.72,95.53,95.61,88.03,114.24,67.28,67.11
98.26,66.35,95.21,95.41,88.35,113.30,66.69,65.84
99.44,65.06,95.94,95.89,87.49,112.25,66.50,66.03
99.30,67.17,94.97,94.69,86.72,113.46,67.37,65.22
98.36,66.54,94.21,94.56,88.16,112.90,65.87,66.67
99.10,66.05,96.06,95.91,86.84,113.74,66.55,65.41
98.07,65.66,94.01,95.91,89.36,112.72,67.37,68.33
97.73,64.12,96.10,95.67,89.20,114.50,66.68,67.05
97.58,65.22,96.24,96.47,89.09,113.64,68.34,66.59
97.64,64.99,94.79,94.92,87.94,113.27,67.14,66.46
99.62,67.37,94.73,94.88,87.74,112.77,67.15,65.59
99.52,66.74,95.10,92.92,87.66,113.61,66.43,66.98
