78.07,52.88,75.80,57.29,154.44,1832.60,1360.82,160.80
83.35,52.05,77.99,51.43,153.21,1787.30,1352.00,159.27
89.67,53.21,78.32,53.24,147.98,1798.74,1349.36,160.51
84.34,50.94,76.66,54.91,149.57,1722.07,1357.02,158.70
83.96,52.55,77.33,51.71,153.24,1789.26,1309.08,159.70
88.06,55.03,75.31,52.87,148.88,1802.51,1358.79,159.72
85.84,54.91,76.98,55.86,152.82,1810.52,1344.00,163.82
83.78,51.63,76.91,52.79,154.28,1832.06,1363.48,160.16
86.97,52.55,77.19,53.79,153.29,1779.15,1339.68,162.63
87.35,54.88,77.11,60.27,151.48,1820.39,1347.51,163.75
87.53,53.82,75.84,52.81,150.63,1836.62,1352.52,161.24
84.20,54.29,76.63,54.74,152.47,1804.73,1367.64,158.19
87.53,53.52,76.76,56.90,149.58,1816.77,1315.43,161.29
81.48,52.56,75.94,53.43,150.37,1812.05,1365.02,160.68
84.39,54.77,75.15,57.95,151.63,1814.02,1359.07,155.41
85.20,51.41,76.02,53.70,150.83,1807.93,1361.61,158.67
84.13,53.47,76.47,53.88,152.99,1781.08,1345.87,164.47
87.81,52.82,77.42,53.34,155.07,1772.42,1360.16,163.20
87.59,56.09,77.89,52.35,147.98,1814.71,1361.02,162.20
84.86,54.90,75.58,52.39,149.81,1821.58,1347.59,156.32
85.16,54.83,76.46,60.83,153.59,1823.15,1362.88,159.75
86.17,52.59,76.78,55.85,149.48,1817.36,1332.29,163.12
82.53,52.02,78.33,55.79,153.43,1767.84,1353.89,158.59
88.25,55.92,76.62,55.42,150.59,1805.71,1319.90,162.84
91.79,59.80,74.62,55.33,151.04,1819.57,1348.25,162.35
88.01,53.31,79.02,55.37,148.48,1790.31,1325.21,158.97
86.49,53.07,76.62,52.52,155.34,1757.24,1359.22,162.14
85.39,56.35,75.75,53.33,152.71,1796.92,1345.48,161.33
86.68,54.52,76.78,53.63,151.26,1817.80,1361.72,164.31
88.88,55.21,77.04,52.95,148.23,1822.94,1344.31,160.28
89.27,52.06,75.14,51.53,146.88,1814.17,1361.78,159.82
87.13,52.10,77.50,53.60,149.46,1820.37,1368.77,158.58
88.28,54.45,76.26,53.54,149.65,1811.57,1365.55,160.21
85.99,54.28,76.78,53.67,155.47,1809.54,1362.31,163.48
87.87,55.33,77.03,54.00,149.87,1802.84,1366.43,161.27
86.27,53.98,77.55,53.36,156.58,1807.41,1361.91,159.76
88.39,54.32,77.45,53.49,146.84,1817.55,1366.81,162.40
87.51,56.21,75.59,52.88,146.20,1815.88,1369.08,156.92
87.12,56.60,77.93,52.71,149.67,1813.95,1368.12,162.53
85.39,53.86,76.43,54.74,151.24,1812.52,1370.32,162.31
87.31,54.19,77.00,54.84,155.23,1809.64,1368.74,160.32
85.86,55.19,77.28,53.01,152.79,1804.92,1368.27,163.54
86.34,54.54,76.67,54.26,148.03,1815.74,1369.85,159.34
87.65,53.14,76.91,52.87,150.36,1811.26,1364.67,161.43
87.28,53.31,77.64,52.91,149.33,1810.85,1368.64,161.52
88.20,53.33,78.02,51.80,154.34,1614.64,1362.46,160.71
83.94,54.87,75.85,53.80,152.51,1812.38,1356.17,161.68
88.07,54.98,75.58,54.39,151.98,1797.99,1333.98,156.06
88.03,50.55,76.21,50.33,148.17,1776.25,1353.04,159.52
86.42,53.90,75.68,56.27,149.98,1780.13,1343.79,161.92
86.33,53.52,77.47,52.29,153.10,1790.11,1364.90,160.37
85.27,52.05,77.88,52.98,154.27,1798.24,1364.52,159.65
86.18,56.32,75.28,52.79,148.66,1804.89,1365.77,160.09
81.41,55.94,75.42,55.46,149.67,1808.72,1383.58,160.39
85.54,55.83,75.84,51.89,147.28,1812.87,1364.02,159.30
86.04,53.96,75.06,53.66,149.77,1808.28,1323.70,160.94
86.20,52.85,78.61,53.41,155.47,1771.99,1353.23,163.15
86.81,53.77,78.95,51.73,152.86,1768.12,1362.84,159.42
87.84,54.81,75.39,53.62,150.06,1816.34,1358.12,161.63
80.15,53.57,74.14,55.53,154.06,1787.26,1366.98,156.06
87.13,52.29,76.37,57.26,150.49,1809.92,1349.68,157.85
88.82,51.92,76.48,52.32,148.31,1800.42,1341.54,162.05
87.13,53.64,77.80,53.64,150.72,1800.58,1366.69,159.23
86.55,54.57,77.82,52.15,152.74,1804.85,1369.78,157.54
83.19,54.02,75.85,54.61,151.18,1809.59,1359.48,159.59
85.54,52.65,75.85,55.76,153.42,1815.49,1345.08,159.08
84.58,57.95,77.79,51.80,151.85,1813.81,1364.17,159.43
84.23,53.70,77.86,54.06,148.88,1812.08,1364.23,158.41
84.03,53.07,75.52,52.56,151.50,1807.56,1361.11,161.46
85.17,53.01,76.44,53.01,150.85,1819.71,1339.05,158.82
89.71,53.66,77.88,51.57,152.32,1821.82,1344.38,154.10
90.00,53.60,79.03,52.62,149.16,1814.79,1345.21,166.34
88.50,52.52,77.17,52.42,151.48,1792.13,1365.00,158.25
87.88,52.67,77.26,54.62,149.74,1784.18,1346.96,162.28
88.14,52.75,76.47,53.30,145.77,1804.39,1352.22,166.50
86.83,52.02,77.58,53.13,151.43,1793.96,1357.15,161.19
83.81,52.20,77.29,52.84,150.27,1811.29,1365.65,163.00
86.83,54.05,76.56,52.41,151.94,1804.16,1371.66,160.03
84.25,54.31,76.50,53.86,151.50,1807.67,1356.54,162.25
86.62,55.37,75.14,66.67,153.83,1818.76,1361.56,161.27
83.85,53.54,75.80,53.07,153.08,1816.77,1367.76,163.30
87.05,53.37,76.72,53.39,156.07,1811.16,1368.75,165.03
85.51,54.38,75.47,52.59,152.00,1820.91,1377.44,164.92
87.25,54.97,77.19,53.18,150.90,1818.03,1375.46,160.22
87.41,53.52,76.56,53.73,152.23,1810.98,1367.29,160.64
85.77,53.36,75.69,53.37,151.69,1813.45,1366.79,160.14
86.75,53.41,76.38,52.88,151.22,1816.50,1366.67,162.11
87.66,53.05,77.83,53.36,154.88,1823.20,1373.79,161.00
87.69,54.18,76.92,54.19,156.86,1818.47,1365.55,162.87
83.28,53.44,76.60,53.50,148.57,1813.19,1373.54,161.89
86.56,54.29,77.50,53.50,149.05,1816.99,1370.00,164.70
87.06,55.23,76.92,54.67,153.55,1816.13,1377.66,161.73
86.68,53.03,76.02,52.48,149.93,1806.10,1368.95,165.15
87.82,52.43,76.94,53.86,149.18,1823.46,1364.33,159.80
85.48,54.25,76.98,52.55,152.10,1806.22,1372.77,164.62
87.98,55.17,78.67,53.96,151.84,1817.38,1369.24,161.14
85.89,54.80,76.21,53.41,152.36,1824.45,1372.07,162.25
87.15,54.42,77.80,53.70,151.53,1808.69,1370.34,159.79
88.03,53.27,76.43,52.88,154.99,1808.29,1367.71,165.16
85.95,53.93,77.41,53.05,151.50,1820.33,1373.25,163.48
87.31,54.15,76.87,53.57,154.02,1816.56,1368.87,162.22
86.11,52.75,75.49,53.39,149.43,1821.15,1366.62,163.35
86.14,55.14,76.37,53.26,152.99,1825.93,1374.61,162.35
86.56,55.19,76.76,54.21,153.59,1818.75,1367.99,161.35
86.33,53.62,76.92,53.53,153.78,1822.07,1366.34,161.50
86.25,54.55,76.67,52.23,149.59,1819.50,1365.08,164.11
86.97,54.60,75.83,52.84,150.31,1814.54,1365.36,159.79
86.71,53.27,77.63,53.41,152.89,1810.13,1370.70,161.58
86.36,53.24,77.42,53.08,156.01,1806.13,1363.03,165.49
85.62,53.36,77.47,53.90,156.46,1823.73,1367.86,159.85
86.77,53.31,76.38,53.62,148.50,1808.91,1376.31,164.30
87.73,55.16,76.43,52.46,152.83,1811.82,1369.68,160.18
85.90,54.31,77.20,53.75,152.39,1804.67,1369.43,155.47
87.59,52.03,77.83,55.04,152.06,1816.79,1372.01,160.06
86.64,53.80,77.19,53.72,148.50,1816.46,1350.52,160.28
88.88,53.24,75.55,54.42,153.11,1831.26,1353.40,165.51
87.81,54.96,77.96,52.46,153.42,1809.11,1350.11,161.79
89.01,52.00,76.04,54.48,150.91,1823.23,1377.24,161.69
86.74,52.42,76.92,53.33,149.74,1827.06,1365.11,162.51
89.59,54.38,77.35,54.91,147.38,1823.13,1366.62,159.63
89.81,52.92,75.21,53.64,153.78,1833.15,1351.32,159.75
88.29,54.11,76.75,52.85,151.72,1820.89,1346.94,162.73
87.57,53.86,76.41,52.56,154.79,1816.76,1365.69,161.63
86.24,54.05,76.13,52.71,155.97,1829.62,1369.65,162.12
86.68,54.78,77.22,54.26,157.27,1833.04,1369.56,165.93
87.59,54.45,76.76,52.92,151.91,1823.88,1365.83,165.78
88.73,53.47,78.10,52.78,153.77,1833.27,1372.46,161.94
86.75,55.49,76.69,51.92,155.35,1823.53,1366.43,160.37
86.05,54.29,76.63,51.79,153.81,1810.84,1366.06,164.80
86.55,53.60,77.19,53.36,151.73,1824.09,1371.99,161.72
87.09,53.36,75.62,52.33,149.49,1828.84,1364.80,159.11
87.15,53.30,77.74,53.56,149.62,1829.52,1365.18,161.71
86.31,54.55,76.46,52.84,150.30,1821.04,1371.27,162.15
86.83,54.19,77.29,52.54,150.17,1825.43,1364.83,160.83
88.50,53.01,77.51,52.85,155.56,1827.81,1364.87,161.71
87.02,54.57,76.31,53.89,154.88,1832.03,1366.70,162.33
87.06,55.78,77.39,53.83,150.75,1823.82,1375.20,161.46
87.22,55.06,78.08,53.98,154.74,1830.77,1379.95,161.46
87.68,54.00,78.05,53.98,148.16,1830.24,1372.80,163.30
84.83,54.91,76.51,52.92,151.29,1819.18,1366.00,162.20
87.32,53.49,76.85,54.22,152.04,1820.27,1371.57,163.87
87.06,54.60,76.44,51.35,150.52,1820.32,1365.94,160.67
86.33,54.64,77.14,53.21,152.29,1821.96,1370.35,163.03
85.87,54.73,76.51,51.25,153.58,1821.74,1366.19,161.45
87.37,55.01,74.92,52.51,147.49,1831.81,1371.74,165.12
87.51,53.26,76.75,53.41,149.42,1829.20,1367.08,159.62
86.08,53.73,76.81,52.28,149.32,1825.78,1348.67,159.40
87.15,54.48,75.93,53.69,152.86,1827.40,1372.94,165.61
86.87,54.52,77.04,52.41,148.77,1813.45,1366.95,161.78
86.08,53.60,76.91,54.48,152.71,1812.31,1371.22,161.99
86.39,53.83,77.45,52.87,154.17,1815.79,1370.22,161.32
85.79,54.12,77.08,53.62,152.04,1806.59,1375.79,163.43
86.88,54.11,76.13,53.23,151.54,1815.79,1372.26,161.53
86.72,54.05,75.61,53.72,152.39,1805.86,1374.67,162.01
87.25,53.14,76.06,53.17,148.28,1815.43,1365.94,160.02
87.40,54.21,77.57,52.43,152.20,1802.63,1372.96,158.45
85.49,54.54,76.97,53.52,147.46,1810.54,1370.62,166.29
80.56,53.96,76.81,54.06,153.30,1805.93,1366.89,159.23
86.86,53.39,76.70,52.31,150.97,1812.93,1375.52,159.34
86.50,55.76,76.03,52.33,154.00,1803.87,1369.75,158.88
85.87,54.57,75.94,53.27,153.89,1800.53,1374.39,158.80
86.80,54.06,77.55,54.77,151.21,1818.00,1359.66,160.05
85.05,53.83,76.66,52.71,149.80,1806.66,1366.72,161.39
86.78,53.79,75.94,53.33,149.29,1803.49,1375.84,159.21
87.66,55.00,77.23,53.28,152.80,1818.47,1374.83,160.93
86.69,54.36,77.38,53.73,148.45,1808.81,1363.58,163.23
86.58,53.56,76.40,53.21,146.24,1816.70,1367.33,163.03
81.83,56.11,77.00,52.33,145.77,1832.39,1364.92,159.73
86.68,53.26,76.92,53.31,151.88,1807.71,1364.21,161.81
87.15,54.70,75.99,53.05,148.13,1820.62,1377.29,162.25
87.12,54.64,77.13,52.35,148.03,1816.66,1370.81,165.16
87.54,52.77,76.79,54.55,150.97,1809.04,1361.37,162.79
85.79,54.94,77.91,51.90,154.37,1829.71,1363.76,160.37
87.13,53.80,77.86,53.52,151.28,1803.35,1364.77,161.92
85.26,53.75,76.91,55.06,149.36,1813.37,1372.31,162.69
87.85,54.74,77.07,53.46,148.36,1810.51,1371.60,158.72
86.46,53.33,76.78,53.36,147.24,1809.08,1359.73,161.04
86.58,53.89,76.89,51.99,151.21,1803.19,1369.91,160.39
86.64,54.91,77.61,54.90,152.04,1806.49,1370.53,158.36
86.28,54.35,75.58,52.84,151.63,1814.34,1366.25,158.16
86.90,53.60,76.95,51.30,151.94,1826.47,1366.00,159.60
84.15,53.14,75.49,52.20,153.11,1817.16,1366.06,162.37
87.15,54.45,74.84,52.38,155.26,1816.59,1370.40,159.96
85.13,53.73,77.08,54.42,147.90,1816.41,1370.21,159.92
82.67,53.41,78.81,51.34,152.77,1824.09,1376.33,161.81
86.30,54.75,76.66,52.54,150.68,1817.39,1366.15,162.11
87.35,53.47,76.73,51.38,150.50,1821.63,1370.92,156.35
86.74,54.00,77.11,53.31,153.68,1807.14,1369.84,163.62
87.78,53.18,77.10,52.41,149.81,1822.03,1371.07,162.11
87.68,53.76,75.81,54.38,149.84,1810.08,1362.13,158.59
85.33,55.03,77.33,52.97,148.14,1810.77,1370.23,161.66
87.34,55.49,75.61,53.11,152.60,1801.43,1362.31,157.24
85.10,53.39,76.46,52.09,150.42,1814.97,1360.58,157.01
86.97,54.19,76.19,52.90,147.22,1811.63,1361.52,157.79
86.34,54.54,76.48,52.56,149.70,1747.85,1364.55,161.78
85.67,53.93,77.14,52.72,150.68,1809.44,1363.31,154.11
86.36,52.95,76.10,54.42,154.63,1812.74,1363.29,159.10
87.29,55.53,76.31,52.56,145.95,1814.40,1368.02,158.94
86.94,54.84,76.16,53.00,150.91,1805.44,1359.73,164.14
84.82,52.65,77.17,54.34,148.42,1805.29,1370.57,158.59
86.39,53.24,75.74,51.67,143.91,1788.43,1363.60,159.60
84.97,55.88,75.88,52.67,153.34,1808.95,1344.28,163.94
87.32,53.82,77.61,53.64,150.71,1806.07,1369.17,158.18
85.83,52.42,77.67,52.97,145.32,1800.44,1361.06,164.31
86.62,55.03,76.65,52.35,151.25,1793.91,1359.37,158.25
88.16,55.04,76.10,55.24,147.13,1807.20,1365.06,163.71
87.10,53.75,76.94,52.15,150.17,1796.25,1366.48,160.12
85.77,54.41,76.95,52.85,145.95,1812.93,1361.34,160.91
87.62,54.19,75.91,53.44,148.98,1805.16,1367.93,158.05
82.02,53.17,77.69,53.14,149.11,1804.66,1360.73,159.27
86.49,53.43,75.81,52.16,149.13,1801.12,1372.11,160.97
85.60,53.26,76.70,54.24,145.57,1808.13,1366.07,157.73
85.19,53.83,77.28,54.12,151.34,1784.78,1358.53,159.31
85.77,52.22,77.11,52.90,150.78,1800.14,1361.17,162.12
85.64,51.07,75.49,51.28,145.71,1805.09,1351.10,156.23
87.28,53.69,79.24,53.63,144.15,1801.53,1355.23,158.49
85.55,52.67,76.35,50.78,149.86,1755.60,1361.74,158.71
86.36,56.77,77.33,52.81,149.65,1805.42,1362.43,156.00
85.10,54.55,76.10,52.33,143.75,1807.73,1360.54,156.45
85.49,55.53,77.67,54.51,149.32,1791.13,1362.38,160.35
87.72,55.20,77.45,55.40,148.36,1806.99,1345.67,163.48
89.33,54.28,76.62,53.33,148.35,1811.40,1360.33,157.87
87.75,53.15,78.14,51.51,152.99,1801.87,1363.50,158.97
86.36,54.65,76.02,51.80,148.79,1800.64,1356.49,157.54
86.75,56.22,76.31,53.33,149.45,1797.14,1360.60,157.08
84.89,54.32,75.91,53.88,146.86,1790.40,1367.42,159.69
86.52,53.79,78.65,53.49,148.00,1802.77,1362.28,158.49
85.58,53.52,77.80,52.90,145.21,1789.97,1359.15,158.13
86.71,51.90,76.19,52.92,148.25,1792.40,1366.87,156.22
81.61,54.42,77.17,50.94,152.38,1783.14,1366.95,158.39
86.96,54.06,76.21,54.97,146.34,1791.57,1361.52,162.02
84.80,54.11,77.16,52.42,148.12,1798.60,1366.87,161.79
86.33,54.60,76.15,52.67,150.36,1792.95,1364.65,160.52
86.34,54.34,76.91,52.38,144.50,1796.36,1357.36,158.29
85.39,54.60,76.43,53.41,149.13,1796.09,1359.57,154.47
85.84,54.74,75.93,54.67,144.79,1790.98,1364.01,162.31
85.07,55.29,76.66,52.48,150.28,1796.67,1357.21,158.67
84.13,53.10,75.52,52.16,143.68,1796.07,1367.66,163.26
87.29,54.75,77.38,52.07,151.15,1793.74,1360.62,155.68
85.89,54.36,77.54,52.55,150.42,1798.19,1359.44,157.07
87.02,54.51,77.71,53.62,144.29,1792.01,1360.83,156.69
86.64,54.21,75.47,53.76,152.55,1798.12,1361.87,157.56
85.73,53.31,77.22,54.80,150.24,1790.86,1356.58,162.38
85.13,54.03,76.40,53.10,145.16,1789.33,1367.16,161.16
86.94,53.96,76.47,51.74,150.21,1793.81,1357.65,162.18
87.22,53.24,76.13,53.11,144.01,1784.88,1361.81,161.16
87.16,51.66,76.95,53.44,148.31,1797.98,1356.98,157.18
86.56,54.90,77.50,52.49,139.14,1714.92,1245.14,158.64
87.16,53.95,75.59,51.96,150.74,1788.50,1362.59,162.11
85.17,54.13,76.66,54.22,146.56,1793.28,1345.55,163.43
87.69,53.33,77.08,52.98,143.02,1797.53,1348.20,159.18
89.40,53.05,77.14,53.15,149.65,1793.97,1349.40,154.27
88.72,54.15,77.29,54.61,145.52,1788.74,1352.55,158.05
85.90,53.89,76.62,52.49,150.12,1794.09,1364.08,154.58
86.46,53.98,76.13,52.31,144.98,1787.09,1364.65,160.39
87.47,54.00,76.65,52.92,149.46,1794.22,1346.11,152.44
88.10,53.39,77.10,53.15,146.53,1805.52,1340.01,162.01
89.13,54.48,75.68,51.61,151.07,1783.77,1346.08,159.20
88.58,54.81,76.67,54.19,150.39,1789.56,1360.68,158.97
86.68,53.39,77.11,53.15,147.02,1788.67,1359.67,160.32
86.88,53.11,76.44,53.98,152.20,1794.29,1359.19,155.31
85.64,53.90,77.71,52.87,146.64,1807.58,1360.51,157.18
86.33,52.92,76.47,54.25,154.19,1785.72,1359.22,156.87
86.43,53.31,78.48,51.77,146.37,1789.16,1359.85,157.83
87.32,54.05,77.00,53.83,151.81,1789.42,1361.81,157.14
82.45,53.93,77.64,53.43,150.00,1792.89,1361.71,156.87
86.93,54.35,78.04,52.58,146.49,1790.24,1363.75,158.75
85.45,53.33,76.82,52.87,151.92,1792.33,1365.17,154.29
86.09,54.21,76.48,54.44,145.07,1796.72,1365.83,161.42
84.54,53.99,78.34,52.94,144.91,1795.14,1360.73,156.61
83.60,54.29,77.36,55.40,142.36,1797.49,1361.75,157.61
86.39,54.71,76.09,53.05,143.69,1797.14,1344.64,161.55
88.07,53.07,77.96,54.94,144.78,1805.96,1350.20,159.50
87.27,54.90,77.41,54.61,144.98,1799.24,1349.68,158.21
89.83,53.88,78.17,54.11,147.13,1802.30,1363.06,157.86
86.94,54.08,76.66,53.24,147.31,1786.24,1358.74,157.07
85.82,55.26,77.03,53.92,148.55,1788.14,1353.68,155.73
85.20,54.54,75.21,54.49,153.11,1779.45,1367.88,158.34
87.08,53.37,76.35,53.66,145.46,1792.24,1363.67,159.14
86.59,52.84,77.38,54.42,145.21,1783.08,1365.72,162.37
86.49,54.08,77.29,53.04,148.72,1785.24,1359.54,157.93
85.10,52.28,77.80,52.12,146.28,1648.23,1358.31,156.06
84.92,53.92,76.89,53.30,145.77,1794.69,1361.72,158.97
86.96,54.09,80.09,52.05,145.93,1793.96,1348.16,156.68
88.42,53.63,76.84,52.67,148.89,1794.71,1348.98,154.10
89.57,55.03,79.05,53.80,146.24,1785.70,1343.09,158.46
88.48,54.11,77.01,53.34,151.82,1792.36,1362.82,158.35
86.12,55.47,76.53,54.15,153.84,1784.94,1361.84,160.86
87.09,54.29,77.51,52.29,144.67,1801.33,1356.29,155.60
84.85,54.39,77.61,52.56,151.51,1797.11,1350.55,157.63
88.09,54.25,76.62,52.91,146.80,1806.75,1342.94,158.94
88.47,53.88,76.03,54.42,152.76,1811.16,1348.10,157.95
87.91,55.72,78.36,53.93,151.47,1795.11,1367.36,159.59
86.14,52.94,77.58,51.50,148.42,1799.50,1357.87,158.70
86.15,56.24,76.66,52.02,146.55,1792.53,1360.83,162.50
87.18,53.73,77.29,52.45,154.75,1804.95,1358.53,162.01
86.31,53.83,76.03,53.07,153.21,1801.95,1368.36,160.68
87.90,54.64,77.60,54.47,152.07,1806.56,1364.29,157.64
85.46,53.56,77.41,51.38,148.99,1797.01,1360.35,161.20
86.24,54.32,77.16,53.49,150.63,1799.29,1366.75,157.70
87.73,53.33,76.73,53.07,151.21,1799.39,1365.11,158.57
84.98,54.45,77.35,51.82,151.04,1797.76,1372.08,160.03
85.39,53.37,76.28,54.54,153.07,1799.30,1362.09,158.81
85.63,54.42,76.62,53.24,150.49,1801.84,1367.66,158.67
86.39,54.71,76.10,52.42,149.99,1795.43,1362.68,157.86
86.25,54.25,77.28,53.52,144.94,1797.03,1369.37,159.98
85.13,53.20,77.79,54.06,151.38,1811.80,1362.59,161.00
86.31,53.03,76.84,52.16,146.45,1795.96,1361.30,159.93
86.05,54.09,76.97,53.10,150.17,1800.25,1360.02,160.12
86.25,53.90,75.78,53.59,152.03,1797.86,1359.64,159.89
86.36,51.51,78.46,53.00,150.81,1794.78,1361.62,159.47
85.60,54.73,76.09,51.96,150.34,1800.06,1362.05,163.03
85.41,54.51,77.47,53.52,150.02,1805.97,1366.04,160.87
81.20,54.65,76.54,53.64,146.78,1796.81,1368.40,158.62
86.65,53.34,77.42,51.14,151.62,1795.25,1354.78,158.94
87.94,56.06,78.24,53.27,139.55,1480.65,1331.74,155.83
87.76,54.00,76.12,54.03,151.65,1807.24,1355.75,160.35
88.00,55.46,76.35,54.32,152.70,1800.38,1360.84,155.80
85.90,53.01,78.05,52.82,147.66,1805.03,1369.75,160.57
86.40,54.31,75.61,53.30,148.60,1787.91,1357.45,159.34
85.96,54.06,76.76,52.94,145.76,1800.74,1368.62,161.56
85.70,52.94,75.40,51.70,150.77,1802.21,1367.98,161.52
86.37,53.79,75.20,52.28,147.51,1799.03,1364.46,161.79
85.49,54.25,76.81,53.99,149.43,1794.39,1362.79,158.18
85.62,53.99,76.38,52.05,151.78,1796.94,1356.77,156.85
85.99,53.90,76.76,54.18,151.43,1804.18,1361.49,160.90
87.16,52.91,75.34,52.98,152.73,1802.99,1358.08,163.62
85.98,53.77,76.51,52.68,151.43,1798.44,1360.83,159.08
86.15,53.10,77.20,54.48,151.98,1805.14,1362.71,160.61
84.63,54.81,77.64,54.55,150.58,1795.70,1370.23,161.39
87.92,52.78,77.04,52.95,152.42,1794.45,1364.84,159.26
86.67,54.61,76.57,52.32,155.95,1799.56,1360.29,160.44
86.43,53.36,78.01,53.21,150.33,1799.45,1362.75,159.03
86.71,54.75,76.87,52.67,148.66,1786.14,1362.78,163.05
86.17,54.81,76.53,53.43,152.28,1791.35,1362.73,159.47
87.49,53.00,74.89,53.11,154.58,1795.86,1360.98,159.17
85.32,54.09,77.29,52.00,150.28,1789.20,1371.26,159.16
85.61,54.70,78.20,53.23,149.59,1797.99,1370.97,161.65
86.55,54.91,76.18,52.62,145.92,1796.12,1356.22,163.19
87.27,54.58,77.47,52.90,148.14,1800.97,1361.01,159.86
85.65,52.64,75.91,53.07,150.53,1791.09,1368.51,157.43
87.82,53.11,76.89,51.05,149.08,1799.36,1366.47,163.90
86.67,54.19,76.67,53.56,151.66,1799.14,1358.52,158.62
85.29,53.00,76.15,54.85,150.83,1796.20,1373.90,160.02
86.86,53.05,76.89,53.00,151.47,1801.51,1365.40,162.43
85.93,54.34,75.94,52.39,147.40,1797.66,1368.01,160.09
85.52,54.65,75.99,55.37,154.05,1796.82,1364.14,159.53
85.82,53.54,76.95,52.61,150.56,1799.19,1366.54,158.34
86.86,53.31,77.50,53.90,151.88,1804.24,1359.95,162.25
85.58,52.06,74.52,50.42,147.68,1801.71,1363.57,160.34
85.35,52.02,77.61,54.16,148.88,1806.11,1356.08,158.58
85.23,54.06,77.17,52.52,155.16,1807.83,1371.27,158.75
86.28,55.70,77.76,53.79,148.91,1801.74,1362.62,160.86
85.89,54.64,76.65,53.80,150.90,1804.65,1360.95,163.71
86.64,53.56,76.89,54.84,144.61,1805.57,1361.43,161.36
86.42,52.88,76.18,53.08,151.66,1806.55,1361.42,158.41
85.73,54.25,77.07,53.30,149.26,1808.29,1368.10,158.61
85.95,53.14,76.72,52.94,151.73,1806.06,1367.96,157.98
86.67,54.02,76.62,52.33,150.87,1803.59,1351.98,160.39
85.08,54.26,76.95,52.20,147.79,1801.35,1366.88,156.30
85.46,53.47,76.78,53.00,153.23,1793.02,1364.58,161.94
84.16,54.57,75.81,53.01,149.13,1809.95,1363.57,159.36
85.63,54.31,77.50,53.57,151.53,1793.40,1367.79,160.03
85.00,54.85,77.19,52.42,150.22,1792.69,1370.57,160.52
86.06,54.68,75.46,52.69,148.45,1808.33,1365.14,159.96
87.13,53.79,76.94,54.31,147.00,1794.71,1366.72,163.39
86.77,53.69,77.95,54.60,147.13,1793.14,1367.26,161.00
84.72,53.77,76.92,53.50,151.12,1800.06,1366.60,162.70
82.02,52.43,74.81,54.12,149.81,1796.81,1372.26,159.65
87.02,53.14,76.78,53.63,148.72,1795.51,1362.75,159.91
85.96,52.58,75.77,51.69,149.84,1799.96,1367.57,161.14
85.55,53.85,76.60,53.64,154.36,1802.80,1367.08,159.55
84.82,54.15,76.07,53.43,147.47,1815.06,1366.92,164.00
85.43,54.65,77.06,55.17,153.74,1795.93,1369.36,162.94
85.23,53.88,75.94,52.49,151.16,1798.71,1361.45,162.84
85.04,54.36,77.35,52.84,150.15,1808.12,1366.57,164.14
85.95,55.45,77.08,51.99,149.64,1811.95,1367.14,163.85
84.12,55.23,77.22,54.00,151.04,1813.33,1361.75,161.98
87.44,54.49,76.50,52.19,154.06,1801.02,1363.55,159.53
85.84,52.68,78.23,53.18,152.39,1801.16,1355.66,159.56
84.97,53.75,77.19,53.77,148.83,1811.16,1371.51,159.93
85.48,53.46,75.99,54.08,147.06,1796.32,1367.58,162.63
84.91,54.96,76.72,54.55,152.10,1800.55,1361.47,158.80
86.15,54.31,76.19,52.42,148.12,1788.01,1372.53,161.89
86.78,54.36,75.78,54.00,150.28,1801.97,1351.38,155.58
88.38,53.90,77.28,52.43,148.20,1818.49,1351.44,159.59
88.35,55.21,78.49,52.94,146.78,1805.16,1352.50,162.09
88.45,54.60,77.23,52.54,146.33,1802.37,1368.34,157.83
86.64,52.90,76.07,52.36,153.36,1809.21,1361.93,160.78
85.67,53.98,78.01,53.92,150.39,1808.87,1363.80,160.97
87.02,51.33,77.79,52.94,145.68,1814.76,1376.11,157.92
86.45,54.22,76.70,52.36,147.78,1806.79,1365.39,162.02
86.20,55.00,77.23,53.86,150.81,1815.13,1367.07,159.44
85.77,54.70,76.85,53.23,147.21,1809.37,1365.99,163.90
85.87,55.39,77.50,53.93,148.13,1800.06,1363.32,163.97
87.51,53.93,76.46,53.67,149.54,1804.36,1370.67,159.93
87.12,54.16,76.44,53.63,151.07,1802.24,1367.10,160.64
86.74,54.28,76.50,54.18,152.00,1815.20,1367.19,161.10
81.11,54.29,77.93,52.59,146.75,1813.76,1376.43,163.32
85.43,54.39,76.04,53.77,149.01,1810.29,1356.14,159.63
85.35,53.37,75.52,53.43,151.19,1812.37,1366.18,161.60
86.25,54.12,78.34,52.45,148.42,1809.60,1374.01,163.28
87.13,53.62,78.32,52.74,146.28,1806.19,1365.55,161.69
85.93,53.47,76.98,53.98,150.39,1808.15,1373.11,158.57
86.25,54.26,77.11,52.13,148.38,1813.92,1376.33,159.62
86.42,53.44,76.19,52.75,150.58,1807.04,1366.37,159.39
85.65,55.00,76.40,52.77,152.64,1803.28,1363.28,162.01
87.16,53.93,76.12,53.44,149.76,1804.49,1359.47,160.03
85.79,53.92,75.11,51.95,151.03,1802.40,1368.18,160.76
86.09,53.47,77.04,51.82,149.89,1807.31,1362.84,161.72
86.40,53.67,76.57,53.44,150.94,1796.10,1368.36,161.60
86.59,54.90,75.28,54.03,152.54,1793.14,1369.99,163.02
85.67,53.27,77.57,51.96,147.06,1782.82,1363.06,159.00
85.38,54.29,75.53,53.75,150.85,1787.63,1364.43,157.27
86.12,54.26,76.31,53.24,146.96,1795.89,1367.39,162.53
86.11,53.86,77.35,54.12,147.84,1786.34,1370.98,156.55
85.35,54.67,76.16,71.56,151.85,1796.15,1361.94,161.00
84.78,53.90,78.45,52.26,149.90,1794.72,1369.34,159.98
84.56,54.06,76.79,52.16,147.95,1791.87,1367.57,157.99
85.38,54.21,78.43,53.63,145.07,1804.27,1373.03,160.93
87.95,53.85,76.70,53.44,149.02,1806.49,1368.29,158.61
86.81,54.55,76.22,53.11,152.63,1808.30,1370.01,160.42
84.92,54.41,75.33,52.25,152.29,1806.73,1364.51,159.46
86.08,53.14,77.13,52.41,151.40,1800.06,1366.26,160.09
86.08,53.72,76.70,52.82,152.41,1805.35,1365.49,160.74
86.74,53.77,77.45,53.95,145.82,1802.04,1369.55,161.45
85.23,53.46,76.63,53.73,150.21,1797.95,1370.22,160.70
85.95,53.46,77.28,52.85,150.15,1799.82,1376.61,159.88
85.98,53.20,77.32,52.64,145.90,1805.16,1368.89,163.12
86.46,53.70,75.77,53.66,151.15,1791.31,1365.75,161.00
85.43,54.55,76.92,52.38,151.92,1797.18,1365.84,159.76
84.10,54.15,75.91,53.15,148.61,1803.81,1370.50,162.90
86.36,55.06,77.20,52.90,149.81,1802.18,1368.86,160.91
85.79,54.06,76.48,53.80,147.95,1800.90,1360.55,161.55
85.13,53.10,77.91,53.72,152.52,1776.53,1368.84,162.41
86.43,54.97,76.91,52.62,150.14,1800.14,1368.04,156.13
85.70,53.70,77.06,53.59,152.41,1807.17,1362.27,162.66
85.84,55.20,78.48,53.41,147.03,1778.40,1367.23,161.16
87.73,54.00,77.69,52.10,152.28,1802.40,1370.29,158.97
86.88,54.51,77.76,53.75,148.58,1800.34,1369.18,160.74
84.88,53.89,76.59,54.21,152.80,1809.80,1364.87,159.60
86.64,54.49,77.52,53.66,149.21,1790.33,1367.29,162.87
86.81,54.02,76.87,52.65,151.09,1803.54,1367.36,159.57
85.58,53.83,76.24,52.25,148.80,1813.50,1367.44,160.51
84.82,54.32,76.54,53.93,154.34,1799.46,1360.16,159.52
86.28,55.30,78.13,52.90,148.76,1796.06,1370.59,160.67
85.63,54.09,77.08,52.48,145.84,1806.14,1365.28,157.47
85.16,53.98,77.67,55.09,150.47,1784.94,1364.21,158.78
85.51,54.61,76.92,52.58,151.34,1797.62,1366.62,161.50
86.50,54.34,77.19,54.24,152.41,1796.82,1363.54,152.43
85.49,54.05,76.53,52.23,149.46,1799.24,1366.73,160.77
85.16,54.38,78.43,53.53,146.75,1795.23,1372.77,161.66
85.46,54.18,76.84,53.72,152.38,1796.65,1372.96,157.82
87.08,54.71,76.47,52.43,147.73,1806.16,1371.03,157.07
85.51,53.92,77.08,53.86,149.27,1801.03,1372.74,162.83
86.30,54.75,77.86,52.90,150.88,1806.96,1368.33,163.00
86.21,55.11,77.33,53.11,146.58,1816.02,1365.44,161.58
86.14,53.37,77.36,52.78,151.02,1806.72,1370.88,159.75
86.28,54.41,77.33,54.00,148.54,1810.82,1370.89,161.33
87.62,53.31,76.94,52.85,154.28,1783.93,1373.15,161.37
87.16,52.95,76.84,53.70,145.42,1800.28,1369.91,160.09
85.27,53.73,76.95,52.90,150.72,1811.65,1375.86,161.84
86.56,54.54,75.77,54.03,148.25,1811.17,1370.28,158.90
85.27,53.08,76.28,53.99,153.30,1807.86,1370.01,161.92
85.73,53.72,76.51,53.04,150.87,1818.08,1363.28,161.91
87.76,54.05,75.90,53.10,146.40,1800.11,1361.59,157.67
84.79,54.68,78.02,52.23,153.26,1806.60,1373.93,163.07
86.52,53.93,77.74,52.23,145.32,1810.57,1368.07,161.45
86.75,53.37,76.88,53.37,150.14,1815.41,1365.53,165.64
85.23,53.23,76.73,53.31,151.94,1826.12,1372.11,162.02
86.18,54.12,76.21,53.10,149.61,1821.27,1373.43,162.56
89.24,54.36,77.61,53.83,146.80,1816.51,1364.08,160.39
85.01,53.85,77.92,52.91,147.40,1814.11,1369.91,161.29
86.78,54.19,77.54,54.26,148.58,1826.30,1370.86,163.32
86.91,54.13,78.07,53.04,151.24,1817.45,1370.59,162.28
85.76,54.24,77.26,51.60,153.64,1826.08,1370.25,166.89
85.11,53.53,75.91,53.00,154.02,1815.35,1367.95,162.28
87.15,54.77,76.21,52.61,152.26,1813.63,1380.47,160.14
86.24,55.21,77.20,53.92,154.72,1818.76,1374.19,161.33
87.08,53.34,77.57,54.12,150.15,1817.41,1367.76,161.68
81.25,53.67,76.85,53.77,151.22,1813.13,1374.13,164.27
86.36,53.75,76.81,53.85,150.34,1824.28,1372.70,162.58
86.42,55.46,75.58,54.08,150.69,1816.79,1372.02,160.90
85.42,52.81,76.54,55.21,153.07,1808.26,1371.33,165.38
86.21,52.97,77.06,52.38,154.75,1813.22,1377.16,165.32
89.32,54.36,76.85,55.65,147.19,1816.77,1354.24,160.93
89.71,55.86,76.88,53.53,152.73,1814.35,1357.89,166.13
88.55,53.54,76.26,54.12,149.26,1825.89,1355.29,165.55
86.27,54.25,76.10,54.03,148.01,1812.11,1379.04,162.24
85.87,52.51,76.60,52.48,150.21,1824.29,1372.64,165.09
87.75,53.66,76.10,51.41,152.82,1809.72,1370.22,161.30
87.02,54.35,76.18,53.33,149.86,1816.33,1377.46,164.57
87.53,53.96,76.24,53.98,152.77,1818.85,1373.71,164.51
81.07,53.34,77.70,53.85,150.44,1822.49,1367.83,160.02
86.20,53.30,77.23,53.44,151.70,1813.82,1367.25,162.71
86.69,53.50,76.37,53.73,156.30,1817.39,1370.60,162.73
87.50,54.25,75.91,52.77,151.31,1821.80,1378.82,163.00
86.34,54.13,76.24,53.30,155.85,1815.82,1362.72,160.76
85.55,54.12,76.44,53.50,151.38,1803.98,1371.00,160.29
86.49,53.96,76.95,52.19,153.29,1819.45,1362.63,160.94
86.17,55.16,76.10,52.92,147.51,1812.90,1367.01,163.32
86.83,54.42,76.38,54.34,151.46,1817.90,1364.86,161.53
86.78,53.52,77.64,55.78,153.29,1812.37,1373.22,163.32
85.58,53.85,75.96,52.26,154.03,1813.24,1365.71,161.12
85.83,55.17,75.96,52.45,151.46,1798.22,1364.74,164.05
86.14,53.37,76.37,53.11,154.27,1813.79,1365.71,161.99
85.64,54.28,75.93,51.90,149.42,1805.01,1368.97,165.34
87.22,53.95,76.38,54.26,151.12,1801.23,1372.67,158.90
86.42,54.88,76.37,52.98,147.92,1801.53,1371.46,163.54
87.00,56.14,77.25,53.30,149.55,1813.27,1365.68,159.83
86.34,56.35,75.91,53.24,151.35,1800.09,1358.30,159.19
85.60,54.18,76.43,53.36,151.29,1810.78,1371.76,161.76
86.01,55.60,77.58,52.94,153.29,1799.40,1366.65,160.61
86.33,53.72,76.60,53.53,150.14,1800.28,1368.05,160.29
86.62,54.64,76.79,52.16,149.46,1808.46,1364.55,160.65
86.96,54.22,76.37,53.11,146.49,1795.02,1363.89,163.64
84.57,54.84,76.34,52.94,149.21,1811.53,1371.14,165.34
85.89,52.48,81.87,53.41,149.87,1811.86,1366.50,163.07
84.82,53.92,77.10,53.43,153.02,1806.59,1366.13,161.29
85.38,54.54,78.08,53.80,151.59,1813.17,1372.52,161.53
85.92,53.13,76.18,53.13,146.37,1812.76,1371.25,166.66
86.06,53.57,76.72,53.10,151.48,1802.04,1373.28,161.24
86.72,53.66,75.24,52.02,150.12,1811.76,1374.73,168.58
85.29,54.25,76.13,52.51,150.69,1811.98,1353.81,161.86
87.63,55.03,77.38,53.34,152.01,1803.85,1363.88,162.20
89.14,54.03,76.73,53.33,152.89,1816.33,1358.59,160.96
88.23,54.21,75.58,53.49,153.64,1809.20,1373.47,160.05
87.66,53.10,76.69,52.20,149.96,1801.26,1366.13,163.33
85.32,54.60,77.32,54.45,150.22,1794.38,1366.50,161.72
82.80,52.25,75.36,53.36,150.39,1810.78,1383.62,161.37
86.04,55.49,77.47,51.69,151.63,1805.01,1367.47,163.94
85.42,54.08,76.18,53.23,152.42,1813.72,1368.43,163.91
85.61,53.70,75.42,53.83,147.37,1816.50,1374.67,162.11
87.05,53.39,78.15,54.29,149.51,1815.91,1370.44,163.05
88.86,55.43,76.57,51.28,149.29,1815.22,1369.38,160.39
86.50,54.96,77.71,54.90,152.38,1814.43,1371.23,162.89
85.07,54.54,77.36,52.69,149.43,1810.58,1365.14,164.11
85.76,54.32,77.61,52.79,147.40,1801.45,1362.88,162.71
87.10,54.28,77.73,52.77,152.51,1804.93,1363.91,166.29
86.53,54.29,76.25,52.69,149.79,1798.41,1361.87,161.32
86.25,54.36,74.79,52.59,152.03,1800.31,1373.49,161.39
86.12,53.80,76.38,52.28,147.98,1800.41,1374.44,164.92
86.25,55.63,77.14,53.39,156.51,1806.33,1366.07,162.25
85.96,52.38,76.12,52.43,153.33,1809.49,1371.83,165.45
83.59,54.31,77.11,54.45,148.19,1803.67,1367.60,162.33
85.14,53.98,76.43,52.58,148.12,1825.42,1367.88,163.97
85.20,54.12,76.88,53.20,153.48,1814.58,1373.05,159.91
86.23,54.42,76.48,52.92,150.59,1817.55,1366.87,161.35
86.31,54.18,74.76,53.95,153.07,1823.24,1382.50,164.83
85.11,54.78,77.99,53.80,147.57,1820.97,1366.21,159.42
85.16,51.89,75.94,54.62,153.36,1762.87,1312.71,162.77
86.75,53.96,76.75,53.54,154.81,1816.08,1371.23,166.07
85.19,53.63,77.10,52.59,149.27,1824.08,1365.77,164.21
85.80,52.85,75.66,53.67,149.21,1797.00,1372.14,165.51
86.36,53.39,76.69,55.16,155.45,1812.34,1370.13,163.26
84.51,54.58,76.54,53.07,151.41,1812.51,1362.62,163.45
86.27,53.64,75.58,55.34,155.10,1809.18,1367.50,163.41
87.66,53.01,77.39,54.18,150.84,1810.28,1343.56,165.15
87.63,54.77,77.48,52.41,151.37,1817.06,1349.38,160.41
87.19,55.72,76.44,53.10,150.02,1812.41,1374.50,162.43
84.92,54.00,76.95,54.22,153.05,1803.19,1369.55,161.30
87.03,54.22,76.95,53.11,150.52,1806.00,1369.71,162.34
86.99,53.37,76.78,54.03,149.89,1824.16,1372.45,162.11
85.80,55.01,77.39,51.67,150.40,1812.57,1362.38,160.15
82.30,54.88,76.60,54.67,152.58,1820.50,1371.67,160.21
84.86,53.63,75.34,55.96,147.81,1804.01,1374.48,164.86
86.49,54.62,76.37,53.77,151.62,1807.79,1371.44,160.70
87.05,55.37,76.28,53.15,149.95,1811.42,1367.33,165.61
86.40,53.76,77.23,53.54,154.05,1802.93,1365.56,165.59
86.23,53.26,76.73,53.67,150.69,1797.93,1371.55,162.45
85.49,54.03,78.29,55.10,148.29,1808.85,1369.85,163.65
86.74,54.29,76.43,52.92,149.39,1817.19,1362.85,162.40
86.62,53.80,77.03,53.01,149.26,1809.87,1368.86,164.13
85.60,55.23,77.57,53.20,148.58,1806.81,1363.42,161.35
85.95,53.41,76.72,54.28,151.87,1806.33,1363.77,164.02
84.92,54.44,77.42,53.07,151.72,1807.18,1361.15,160.71
86.96,54.13,77.54,53.89,147.91,1816.11,1369.93,164.73
87.15,52.10,76.53,51.64,148.92,1800.50,1366.81,163.82
85.49,55.29,77.69,52.77,150.72,1811.55,1366.69,166.68
84.17,53.77,76.85,53.53,150.80,1813.79,1363.60,159.21
86.71,53.46,77.20,52.90,155.04,1796.45,1368.80,161.16
86.80,54.13,76.60,53.10,151.12,1801.38,1363.64,160.80
86.58,55.37,76.89,52.39,150.22,1810.58,1367.04,160.84
86.80,53.63,74.96,52.52,151.34,1790.53,1370.89,163.59
87.18,54.00,75.28,57.82,151.73,1807.61,1364.08,162.50
86.84,54.19,75.90,52.29,149.32,1806.88,1367.36,160.25
88.01,54.78,77.07,52.54,152.82,1819.65,1357.39,164.23
85.83,54.00,77.86,52.91,149.92,1802.10,1348.04,162.63
88.54,52.71,77.79,52.51,148.10,1806.09,1350.43,162.04
86.96,54.25,77.73,51.71,149.70,1801.38,1367.83,164.93
85.58,52.78,76.21,52.49,148.96,1806.45,1363.48,160.12
86.20,54.19,76.29,52.98,152.48,1798.87,1364.36,161.20
86.97,54.16,76.60,53.53,151.21,1796.72,1366.97,162.56
86.52,53.93,76.09,53.66,152.10,1807.68,1365.78,161.78
87.03,54.88,76.92,54.11,148.48,1812.42,1370.48,163.30
85.38,53.77,77.04,53.24,147.51,1812.91,1369.79,165.36
85.93,52.56,77.50,53.07,150.15,1815.61,1367.20,158.72
86.01,53.64,77.29,52.06,153.39,1809.70,1367.38,163.94
85.58,52.97,78.29,54.00,151.54,1816.85,1363.42,161.26
85.19,53.99,76.81,53.26,146.59,1810.39,1368.89,161.24
86.21,53.17,77.33,52.41,152.38,1813.95,1358.66,160.73
85.43,54.19,77.83,53.86,153.30,1808.13,1363.23,161.63
86.56,53.64,76.12,52.56,147.87,1814.45,1364.27,163.81
85.32,54.73,77.39,54.44,150.72,1819.02,1371.41,165.48
85.49,54.94,76.89,53.24,149.35,1818.50,1365.25,164.23
84.89,54.97,77.51,55.06,149.90,1813.40,1359.51,161.26
85.20,54.73,76.44,54.18,148.85,1814.79,1365.05,163.25
85.77,54.03,77.16,52.23,150.00,1813.14,1364.36,161.45
85.07,52.75,75.83,52.91,152.98,1810.18,1366.62,160.31
85.23,54.19,77.66,52.05,148.51,1820.78,1367.20,161.39
86.20,53.64,75.08,52.45,155.35,1802.10,1371.36,162.07
82.08,53.24,75.81,52.98,147.44,1805.88,1367.80,162.34
85.82,54.62,77.11,52.88,151.43,1810.39,1364.71,160.22
85.51,54.49,75.22,54.06,152.58,1819.54,1362.88,160.77
85.93,52.71,76.43,53.28,151.59,1800.40,1380.68,158.93
86.18,54.11,77.00,51.20,144.38,1819.87,1365.93,162.87
86.14,52.13,78.62,54.44,151.78,1793.25,1371.16,163.52
85.04,55.23,76.28,53.47,145.45,1810.32,1361.45,158.72
82.94,52.06,76.62,53.76,150.09,1797.27,1373.56,161.03
82.36,53.77,77.19,53.83,150.27,1793.50,1364.81,159.17
87.38,53.85,77.76,52.54,150.72,1800.99,1364.37,158.22
86.78,52.91,76.12,52.56,150.81,1810.75,1368.75,165.51
87.10,54.32,77.55,52.23,150.84,1804.29,1364.77,160.65
85.73,53.57,76.98,53.18,152.42,1806.09,1370.76,157.28
86.28,54.16,75.46,53.54,151.81,1815.64,1369.78,161.73
84.04,54.25,75.97,53.53,152.52,1813.52,1360.82,161.03
85.86,52.95,77.28,53.30,151.10,1805.96,1365.17,161.12
86.81,53.56,78.37,54.08,148.44,1810.49,1364.08,160.50
86.75,53.30,78.77,51.57,147.88,1807.38,1372.59,164.04
87.47,54.29,76.10,53.03,150.11,1819.55,1373.74,164.08
86.67,54.83,76.15,52.32,152.07,1810.34,1373.13,161.19
86.37,55.34,76.63,51.84,152.85,1808.58,1361.55,158.68
85.57,54.35,77.17,53.93,150.46,1803.77,1370.89,161.29
86.84,50.85,77.36,54.15,155.34,1803.71,1367.16,161.75
85.95,54.93,76.73,53.36,151.32,1804.08,1366.59,163.15
86.49,53.59,75.65,54.91,150.25,1810.42,1371.10,166.39
86.28,54.65,76.81,52.61,147.59,1808.28,1365.33,161.85
86.02,54.44,75.37,52.87,148.39,1799.30,1375.71,162.21
85.64,53.56,76.37,53.17,150.46,1795.50,1370.64,162.34
85.90,53.44,76.32,53.37,149.11,1803.31,1365.63,161.36
86.94,53.41,78.45,53.79,151.06,1811.69,1368.86,158.23
86.94,55.04,77.33,53.59,148.04,1809.96,1365.88,162.28
86.11,54.13,75.66,52.81,148.26,1815.32,1369.69,164.27
85.21,54.08,77.99,53.23,149.21,1810.91,1367.36,161.86
86.78,54.31,77.93,53.37,152.44,1806.37,1383.07,162.31
85.65,54.55,76.89,52.62,150.90,1808.65,1379.36,159.40
85.92,53.34,76.67,53.23,152.06,1814.01,1368.30,161.52
86.34,53.86,77.41,52.61,150.62,1798.96,1369.53,164.41
86.77,53.05,77.71,53.49,152.85,1811.39,1367.42,163.20
79.96,53.31,77.00,54.81,150.81,1803.39,1373.84,166.08
86.71,53.28,75.50,53.50,148.96,1818.92,1369.91,161.48
86.50,53.49,76.43,75.76,150.14,1794.75,1361.78,162.08
85.29,54.67,77.96,52.68,151.63,1806.62,1367.38,160.67
86.50,54.58,77.98,53.13,150.77,1809.49,1365.78,162.24
86.23,55.09,76.34,54.44,147.63,1807.61,1373.11,164.23
86.30,54.06,78.20,52.81,152.45,1812.67,1369.12,161.12
86.58,54.24,76.84,53.28,148.22,1808.94,1371.05,161.52
84.66,52.51,77.23,54.84,151.24,1814.93,1371.00,164.70
87.22,54.42,77.16,54.12,147.34,1811.49,1371.01,160.99
85.42,54.97,77.01,53.13,150.61,1809.10,1368.77,161.42
86.25,53.43,77.38,52.29,151.03,1813.50,1370.45,159.91
85.35,54.39,76.28,53.33,146.49,1810.28,1373.50,164.63
85.93,54.52,77.03,52.74,148.00,1807.45,1369.12,160.91
84.95,54.22,76.53,52.58,154.68,1807.25,1363.10,159.14
84.83,52.85,77.54,54.96,150.53,1808.09,1369.68,162.27
85.46,53.95,77.26,53.72,151.41,1809.90,1366.69,161.59
86.12,52.90,76.65,53.73,152.71,1805.54,1367.51,163.69
86.68,54.93,77.19,52.91,151.97,1812.65,1361.75,161.72
85.99,55.63,76.73,54.44,152.51,1812.54,1367.25,162.80
86.53,54.83,77.93,53.69,152.58,1810.80,1372.36,161.62
86.91,55.36,76.35,53.26,151.62,1809.50,1368.23,160.08
87.88,53.83,76.48,54.35,149.08,1815.41,1365.27,161.66
86.37,53.73,76.57,53.07,152.07,1814.71,1368.51,163.65
86.62,54.93,75.94,53.08,151.06,1807.93,1362.82,162.07
85.77,53.08,77.74,53.30,153.51,1816.76,1372.21,162.57
85.71,52.35,76.81,53.93,152.36,1807.05,1370.26,163.26
84.64,52.79,77.98,53.28,152.33,1813.62,1368.80,161.84
86.05,54.77,77.39,52.22,152.33,1816.07,1371.70,162.43
84.94,54.61,77.66,53.08,148.44,1810.88,1369.27,164.60
85.83,52.35,76.53,54.16,146.31,1808.65,1369.59,157.74
87.53,53.10,77.14,53.28,148.63,1815.72,1365.44,161.86
86.18,53.76,76.10,54.77,148.89,1803.57,1368.01,160.97
86.56,52.59,77.67,54.90,151.18,1809.64,1366.38,163.36
85.71,52.90,76.18,52.39,147.47,1807.15,1368.86,161.73
85.29,54.55,77.83,54.49,152.74,1806.83,1367.14,161.07
81.33,52.51,76.57,52.09,153.74,1813.16,1375.00,160.94
85.76,51.70,77.47,53.31,145.41,1815.09,1372.30,163.48
87.09,54.48,76.28,53.77,145.87,1809.20,1367.83,163.95
85.32,54.22,75.05,52.94,153.54,1807.30,1366.37,163.95
86.09,54.47,76.51,53.11,149.58,1820.00,1370.86,165.36
86.37,53.34,75.83,53.37,149.37,1806.69,1361.05,162.79
86.69,54.08,75.31,53.40,152.25,1805.16,1357.87,160.52
88.77,54.49,76.57,51.56,151.13,1804.70,1354.00,163.77
89.18,55.86,77.51,53.77,146.30,1806.82,1348.03,161.10
85.16,54.44,75.68,51.83,151.70,1796.33,1367.29,160.65
86.46,53.99,77.25,53.99,147.09,1816.51,1371.70,165.85
86.83,53.11,74.79,53.13,154.41,1811.44,1370.37,159.47
86.15,54.73,77.10,52.29,153.29,1810.34,1370.10,162.57
87.37,54.13,77.22,53.73,152.63,1819.80,1369.03,161.45
84.48,54.62,76.88,53.36,148.76,1808.48,1367.67,164.96
86.87,53.77,75.85,55.09,152.96,1813.86,1375.96,165.71
86.23,54.65,76.38,53.20,149.46,1808.59,1376.55,159.40
86.08,55.40,77.32,53.40,145.74,1810.65,1383.95,160.55
84.54,55.11,77.38,53.43,150.66,1811.17,1364.58,160.27
85.46,52.55,77.10,53.89,150.78,1806.52,1370.25,160.86
85.62,53.88,78.68,52.78,151.63,1810.54,1374.38,161.58
85.60,53.98,77.80,53.57,153.97,1798.88,1364.57,159.43
86.49,53.92,77.45,52.90,149.07,1807.67,1366.53,164.92
85.17,54.19,76.88,53.77,154.63,1803.39,1359.94,160.37
84.94,53.85,78.01,52.84,152.80,1804.03,1367.45,159.63
85.26,53.41,77.88,53.69,151.81,1816.15,1368.73,161.81
85.52,52.85,76.15,54.18,146.27,1812.67,1364.23,161.04
85.70,53.39,77.48,52.31,148.82,1812.88,1367.80,162.90
87.00,55.04,75.65,51.25,146.75,1799.16,1370.47,165.19
86.37,54.19,76.69,54.58,154.49,1810.81,1366.67,157.14
85.71,53.41,75.22,53.99,148.79,1809.56,1367.23,160.70
85.90,52.54,76.84,52.77,150.11,1814.94,1361.68,160.27
84.48,54.18,76.92,53.39,150.21,1802.47,1377.54,160.11
85.45,53.17,76.38,51.43,147.84,1790.01,1370.51,161.32
86.30,55.57,76.76,51.69,147.12,1812.93,1368.05,160.60
85.79,53.36,77.48,54.26,151.67,1805.44,1375.43,161.91
85.83,54.44,76.19,54.03,150.20,1805.68,1366.54,163.09
85.83,53.07,76.62,54.05,152.00,1817.25,1364.39,159.63
85.43,51.77,75.77,52.97,150.93,1809.61,1371.92,162.44
80.35,54.58,75.61,53.11,149.32,1812.01,1369.21,162.63
85.41,53.46,76.78,54.13,147.76,1794.65,1367.04,161.07
85.10,53.60,77.96,53.52,148.50,1795.54,1372.20,159.66
86.08,54.24,75.87,51.90,145.73,1792.79,1365.18,159.63
85.80,54.75,77.89,52.69,146.49,1798.15,1372.93,161.71
85.86,52.31,77.51,53.31,144.66,1803.45,1362.73,159.16
84.78,56.47,77.14,53.76,151.35,1799.92,1360.58,158.59
86.86,53.04,76.89,52.00,148.58,1803.75,1359.23,157.49
85.70,52.72,76.56,51.87,152.99,1802.04,1362.06,162.28
86.17,55.43,75.56,52.85,145.93,1796.10,1364.76,160.25
85.90,53.56,76.43,52.68,150.28,1805.62,1369.96,158.12
86.14,54.51,77.20,53.03,151.40,1810.64,1362.44,159.83
86.91,54.39,77.28,54.36,146.75,1813.39,1357.53,159.40
87.00,53.88,76.41,54.26,151.10,1804.75,1363.82,159.03
85.46,54.11,76.75,52.58,145.92,1807.11,1365.71,163.26
85.76,53.21,76.21,53.00,148.26,1808.61,1365.34,162.12
86.75,54.90,77.67,53.89,148.95,1807.77,1369.09,161.75
86.56,54.34,77.17,53.24,148.70,1813.32,1364.96,162.70
85.46,52.62,76.24,55.57,151.25,1798.83,1358.87,159.20
86.53,53.76,77.14,53.40,150.78,1795.21,1363.51,161.81
86.18,53.17,77.17,52.56,149.36,1810.88,1367.48,158.35
85.41,53.41,75.96,54.73,148.07,1805.25,1373.56,159.46
86.43,54.83,77.35,52.38,153.20,1801.61,1374.06,161.76
85.80,53.57,77.16,54.77,150.20,1804.65,1363.14,160.78
85.07,52.54,78.08,53.99,148.79,1800.63,1370.32,163.49
85.98,55.11,75.56,53.05,148.17,1805.77,1370.32,159.78
86.56,54.18,77.26,54.38,147.92,1798.81,1358.94,163.66
85.98,55.11,75.80,53.26,150.17,1804.34,1370.81,160.90
88.42,54.13,78.15,52.31,149.99,1805.26,1367.11,161.32
87.56,54.32,78.08,52.51,147.94,1798.73,1360.43,161.35
86.77,53.21,76.60,51.46,148.04,1809.28,1364.45,165.35
84.20,54.83,76.46,53.04,149.29,1815.78,1366.02,160.86
87.05,55.27,76.48,52.68,152.38,1810.26,1367.67,161.58
87.03,54.09,75.50,52.72,151.67,1807.96,1367.06,158.97
85.35,54.22,78.36,53.18,147.27,1816.49,1367.74,161.91
85.13,54.03,77.01,52.33,147.34,1803.33,1371.99,164.85
86.94,54.29,76.89,53.18,150.94,1808.66,1359.63,156.25
85.36,52.45,77.26,51.47,149.10,1799.03,1365.53,156.59
85.32,54.64,76.67,54.03,153.21,1808.92,1358.25,161.71
87.88,52.20,76.48,53.37,147.27,1808.82,1368.56,159.57
85.36,52.28,77.54,52.79,148.14,1801.15,1358.94,158.26
85.79,54.81,76.41,53.21,150.85,1803.78,1370.44,161.56
87.38,53.67,76.40,54.22,150.58,1804.75,1368.67,165.61
85.90,55.03,75.09,53.46,148.55,1811.07,1371.54,162.86
85.83,54.09,77.42,53.20,152.07,1807.53,1366.82,157.37
85.76,54.26,77.44,53.59,152.76,1807.27,1372.09,161.30
86.11,54.81,76.50,51.87,150.05,1807.60,1363.69,161.20
86.94,54.32,77.20,52.03,146.78,1804.98,1369.02,159.67
86.77,53.10,76.18,53.39,149.70,1805.94,1362.25,161.69
86.62,53.24,77.10,54.61,146.58,1814.48,1385.31,163.81
85.92,53.82,77.16,53.34,152.76,1812.02,1367.98,164.13
84.76,54.16,76.12,53.36,151.24,1810.26,1360.55,161.33
86.02,52.94,77.96,51.25,148.70,1818.56,1364.96,160.55
85.77,56.21,76.85,53.77,151.29,1814.08,1364.36,160.97
85.17,54.62,75.80,52.28,149.83,1803.32,1367.29,160.47
81.10,55.03,76.38,53.26,150.75,1806.82,1361.80,161.39
86.28,53.89,76.89,53.36,152.73,1806.91,1366.53,159.01
84.72,53.52,76.67,53.57,149.35,1808.42,1366.06,160.90
85.46,55.46,77.20,52.12,148.12,1818.89,1363.38,161.68
86.46,54.45,77.26,53.49,150.42,1802.54,1374.94,158.52
86.36,54.00,78.43,53.31,148.73,1806.46,1369.22,159.44
85.89,54.15,76.63,50.17,145.49,1804.11,1366.00,163.94
85.54,53.44,75.63,53.30,154.85,1810.48,1366.88,161.32
86.80,53.89,76.85,52.33,151.88,1807.83,1362.35,160.08
86.27,53.73,78.11,53.72,152.06,1801.51,1366.21,159.37
85.30,54.18,77.23,54.19,154.12,1803.22,1363.86,159.67
86.50,53.36,77.01,53.66,144.09,1800.11,1363.91,160.73
86.28,53.90,77.83,52.77,153.18,1801.63,1363.47,163.23
86.11,55.13,78.59,54.15,152.79,1809.49,1362.72,160.25
87.60,55.88,77.79,51.07,148.94,1802.00,1368.15,162.69
81.16,53.77,78.39,54.15,150.90,1795.63,1368.17,157.89
86.83,54.67,77.07,53.86,145.19,1809.10,1366.24,160.37
86.86,53.67,79.17,53.53,153.21,1811.55,1374.75,159.06
87.50,53.53,77.99,53.37,152.06,1804.18,1362.91,161.65
87.16,55.34,75.91,51.54,145.46,1798.11,1360.11,156.35
84.53,54.32,77.95,52.82,149.10,1795.46,1369.88,160.06
86.42,54.60,77.58,53.73,147.12,1818.75,1373.28,161.45
84.47,52.42,75.80,53.10,149.43,1803.10,1365.78,157.04
86.45,55.00,78.23,51.08,147.25,1802.69,1364.21,161.19
85.35,54.58,77.36,52.94,143.46,1801.22,1372.11,159.49
86.11,53.66,76.62,51.96,147.57,1801.32,1359.83,160.70
85.05,55.10,77.01,52.48,149.10,1810.44,1359.16,162.05
85.92,53.75,78.05,53.15,150.62,1801.49,1363.22,160.25
87.02,53.60,77.03,54.02,148.42,1800.68,1371.51,162.97
86.06,54.11,75.78,53.46,149.01,1798.31,1360.77,158.68
85.74,54.25,75.31,53.67,150.88,1801.53,1361.37,162.41
86.31,53.47,77.28,52.02,153.21,1795.05,1371.30,161.29
86.78,53.63,77.70,52.38,145.82,1809.54,1367.66,162.64
85.70,52.67,76.07,53.01,145.57,1810.09,1366.48,163.88
86.81,53.80,77.57,52.52,148.72,1802.82,1364.96,164.11
85.30,54.38,77.03,53.53,150.56,1808.07,1371.11,161.84
87.19,54.81,76.92,52.51,149.13,1815.12,1362.46,159.69
85.74,53.99,77.61,53.59,152.41,1800.71,1364.40,159.52
84.73,55.75,77.35,52.82,144.64,1795.28,1368.61,162.35
85.16,54.00,77.06,52.07,150.03,1730.10,1362.66,159.26
85.14,55.09,77.77,53.59,149.67,1805.78,1369.96,160.81
87.12,53.60,75.72,53.13,150.15,1801.65,1369.18,161.29
85.67,54.75,77.82,54.39,150.24,1802.12,1370.06,160.87
86.18,53.76,75.85,53.41,148.44,1807.90,1368.78,160.39
84.67,53.93,76.38,53.66,149.23,1807.45,1369.06,162.37
85.60,53.41,76.38,52.65,147.27,1804.13,1374.69,161.32
86.84,52.52,77.22,52.06,146.64,1801.94,1368.27,163.30
85.73,52.84,76.02,53.80,146.43,1807.87,1366.94,159.57
86.69,53.31,77.11,52.45,149.39,1811.19,1367.11,160.63
85.92,53.70,76.25,53.47,144.69,1812.19,1360.07,164.51
84.98,52.38,77.22,53.30,147.09,1806.32,1372.77,162.37
87.24,54.85,76.85,52.79,148.50,1795.04,1367.07,158.67
85.57,53.30,74.77,53.43,149.61,1817.65,1381.29,161.69
85.60,52.84,77.82,53.27,149.89,1800.40,1366.22,160.91
84.88,53.89,78.48,54.00,145.82,1797.13,1369.53,156.81
81.51,55.66,78.01,54.74,147.91,1816.41,1370.07,158.80
86.23,55.30,77.83,54.67,150.28,1802.53,1365.28,158.16
86.52,53.37,76.24,52.94,153.86,1796.52,1355.26,157.02
85.89,54.71,77.16,53.53,149.35,1821.63,1368.37,161.88
85.19,53.95,77.67,54.24,147.63,1809.10,1373.18,158.72
86.27,54.96,75.50,53.05,147.84,1793.91,1373.47,161.13
86.25,54.05,77.23,52.65,146.08,1794.02,1370.26,160.18
85.49,54.39,76.47,54.16,149.77,1797.95,1371.66,161.30
80.75,52.81,77.48,52.28,148.31,1798.22,1367.83,157.66
85.20,52.26,77.35,53.36,148.79,1801.15,1359.31,155.09
86.36,54.85,76.94,53.36,151.97,1797.17,1364.29,157.07
85.82,55.45,76.21,52.91,150.27,1801.59,1366.48,162.58
83.37,55.60,76.92,51.97,149.55,1800.67,1358.50,158.18
84.73,53.63,77.11,53.67,145.86,1796.07,1367.88,160.83
84.58,54.84,77.66,53.96,146.72,1799.22,1367.83,157.36
85.19,53.59,75.91,54.57,151.07,1795.51,1360.71,158.65
84.22,54.54,76.26,52.77,145.48,1800.57,1363.96,160.91
86.74,54.05,75.93,52.22,146.40,1787.30,1364.89,157.01
86.05,51.56,78.33,52.16,150.20,1803.91,1357.94,160.06
85.76,53.80,77.03,52.87,152.35,1794.49,1359.10,156.49
84.57,53.89,76.66,54.88,147.12,1798.68,1362.90,160.99
84.75,53.50,77.20,54.05,146.91,1793.40,1368.18,161.32
84.75,54.16,77.38,53.47,151.48,1793.73,1372.61,163.82
85.93,53.52,77.28,53.08,151.85,1797.95,1359.78,158.25
85.55,54.15,75.81,52.69,147.38,1806.75,1359.98,157.80
81.54,53.46,76.85,51.35,148.29,1800.94,1365.68,159.43
86.31,52.03,77.01,53.63,147.66,1790.90,1367.16,161.17
84.78,54.70,75.21,53.52,150.25,1796.87,1366.32,157.40
84.85,53.92,76.97,53.52,149.23,1791.97,1358.87,155.57
84.85,54.11,78.27,54.77,145.51,1798.35,1369.60,156.66
86.12,54.11,76.46,52.98,145.10,1791.57,1367.20,160.97
84.78,53.64,77.16,53.72,145.29,1787.71,1361.62,160.80
86.04,54.29,76.09,53.31,148.31,1797.63,1365.75,162.02
85.42,54.02,76.82,53.93,146.69,1792.57,1362.53,156.62
85.57,54.22,77.26,51.54,148.20,1789.03,1374.39,159.80
86.08,54.05,76.62,52.18,151.37,1794.74,1355.88,158.57
86.31,54.25,77.50,54.91,145.90,1794.68,1370.47,159.08
84.97,53.01,77.63,53.64,147.46,1784.10,1369.91,159.78
85.99,52.69,76.35,52.46,147.29,1789.32,1359.15,156.04
86.55,54.87,76.87,53.63,148.45,1788.61,1365.56,163.00
85.35,53.24,77.20,50.48,147.54,1789.29,1362.66,157.13
86.34,54.34,76.03,50.92,149.67,1792.49,1363.22,159.78
85.61,53.98,78.43,52.22,151.06,1798.35,1358.56,159.76
84.16,53.20,76.84,53.89,148.64,1792.65,1372.71,160.31
87.18,54.28,77.61,53.44,148.55,1795.99,1363.00,155.05
85.76,54.96,76.50,51.96,150.78,1790.69,1370.70,159.40
84.42,53.62,75.93,53.04,151.26,1794.29,1360.45,156.36
85.70,54.05,75.05,52.54,147.47,1794.04,1360.51,162.07
84.80,52.67,76.48,53.04,145.23,1800.51,1364.21,162.63
85.24,53.33,78.62,53.27,146.34,1791.85,1360.41,159.34
86.45,52.91,77.69,53.11,149.89,1800.61,1355.19,164.30
86.25,56.35,76.26,58.50,142.39,1794.81,1354.90,159.69
85.41,53.72,77.20,53.13,150.52,1790.56,1367.03,159.24
85.41,54.34,76.41,52.77,146.75,1795.93,1369.53,161.60
86.17,53.08,76.32,53.00,144.76,1797.18,1369.05,160.94
83.44,53.01,76.25,53.90,145.80,1793.81,1369.21,158.75
86.81,54.85,77.00,53.89,149.11,1795.47,1371.00,159.53
85.92,53.66,76.46,54.96,145.73,1803.33,1359.92,159.92
85.16,53.13,76.53,52.58,147.85,1803.21,1366.07,158.08
86.42,53.66,76.46,52.79,149.36,1811.56,1368.21,161.72
85.24,54.71,77.06,53.86,151.73,1820.03,1365.06,157.18
86.08,54.41,76.19,52.68,148.16,1811.14,1363.69,159.69
85.13,53.62,77.92,53.43,149.61,1796.81,1368.56,162.45
85.71,52.35,77.58,54.34,147.87,1798.22,1362.82,161.76
86.12,54.61,77.35,53.11,148.85,1796.71,1356.88,158.70
84.64,54.41,77.08,53.33,146.50,1797.57,1364.96,157.13
86.74,53.85,76.41,53.96,146.67,1804.11,1364.26,157.46
86.45,54.85,78.29,52.91,147.85,1789.62,1372.53,160.99
86.34,52.12,77.01,54.12,147.79,1806.52,1361.14,159.26
86.14,53.34,78.58,52.97,150.93,1805.28,1367.14,162.33
84.41,52.81,77.00,53.11,146.88,1800.18,1374.06,158.49
80.03,54.64,76.43,53.52,146.68,1801.88,1366.47,161.00
86.24,54.85,76.70,53.10,147.57,1808.00,1363.94,160.25
85.96,51.84,78.17,52.85,145.02,1802.33,1365.66,158.55
86.17,54.03,76.72,53.66,147.50,1801.17,1368.62,162.90
87.29,52.98,75.63,53.98,144.50,1799.73,1370.00,160.86
84.66,55.34,75.80,54.61,147.47,1792.88,1360.30,158.88
83.97,53.18,75.87,53.56,149.87,1799.82,1362.49,160.37
84.80,54.64,77.10,52.90,145.57,1796.64,1368.04,160.67
85.84,53.01,75.65,51.77,148.25,1807.34,1372.43,159.47
85.43,52.94,76.59,53.21,147.21,1797.50,1368.37,159.76
85.67,54.57,77.63,53.27,147.16,1807.45,1370.10,158.87
86.45,53.77,77.00,53.57,148.70,1792.23,1364.95,159.98
85.70,53.30,76.24,54.84,148.67,1805.02,1357.14,161.89
84.13,53.44,76.31,52.49,149.84,1800.34,1365.55,160.08
86.21,51.53,76.76,52.55,147.32,1801.59,1370.06,159.40
85.79,53.90,76.78,53.62,152.35,1823.95,1366.50,162.15
87.06,53.76,75.69,52.82,149.11,1805.91,1370.29,157.11
86.65,54.05,77.14,52.43,151.94,1803.21,1361.91,160.76
85.83,53.33,75.97,53.62,146.31,1796.52,1363.17,155.64
86.23,54.22,75.97,52.46,150.39,1796.36,1367.95,158.93
86.11,53.73,77.57,54.13,149.54,1799.10,1364.05,156.13
85.98,52.32,76.69,52.98,149.39,1810.80,1368.80,159.47
84.32,53.76,75.75,52.75,145.10,1820.59,1362.31,162.66
86.77,54.64,76.10,53.24,153.11,1794.48,1366.00,159.60
85.49,53.85,77.10,52.67,150.58,1804.62,1363.76,158.29
86.09,54.87,77.00,53.37,149.81,1784.39,1368.48,161.10
85.33,53.93,75.71,52.72,148.42,1788.87,1364.13,161.40
85.43,54.06,76.19,53.41,146.58,1800.51,1367.26,159.43
85.49,54.75,77.76,52.61,149.24,1803.93,1370.76,158.74
86.61,52.43,75.42,53.20,148.63,1803.52,1363.22,161.09
84.39,53.53,76.56,52.85,149.20,1791.62,1364.52,162.54
84.80,54.84,77.61,52.71,151.00,1801.06,1368.87,158.55
83.12,54.84,76.72,52.75,147.92,1794.22,1361.11,158.62
85.99,54.19,77.48,54.13,151.16,1788.57,1368.11,159.42
84.70,54.77,75.91,52.19,149.76,1803.09,1369.00,159.69
84.94,52.85,76.59,52.98,148.04,1794.36,1365.66,163.33
85.17,53.50,75.97,53.77,148.35,1787.68,1374.80,161.59
85.30,54.54,75.66,53.36,146.14,1794.04,1364.54,158.06
85.23,52.15,77.52,54.11,150.34,1784.19,1373.79,164.05
84.85,55.27,76.88,52.69,148.95,1796.16,1374.54,161.10
83.88,55.65,76.85,53.18,148.20,1806.00,1363.33,162.48
85.01,54.00,76.78,53.53,149.67,1800.32,1372.71,160.14
86.53,52.81,77.69,54.16,152.25,1792.62,1363.64,161.03
85.30,52.56,76.84,53.56,148.33,1804.72,1368.80,162.84
85.70,55.23,76.85,54.61,152.93,1794.76,1368.07,156.78
85.26,53.79,77.16,54.44,153.40,1795.44,1362.51,160.22
85.54,55.33,77.58,54.57,149.67,1796.03,1366.03,163.65
81.82,52.88,73.63,79.72,151.47,1804.46,1366.16,165.15
85.73,54.62,77.64,53.60,150.44,1792.86,1370.56,162.25
84.57,54.80,76.84,54.12,149.90,1793.41,1365.20,158.87
86.12,54.90,78.01,54.03,150.63,1796.90,1369.87,163.43
86.96,54.24,76.31,51.86,148.06,1799.14,1364.96,164.00
86.04,53.83,75.69,52.13,152.29,1800.67,1361.24,157.92
84.78,54.71,76.28,52.55,150.43,1807.60,1367.91,160.29
85.70,54.32,76.84,53.56,152.91,1795.93,1365.71,159.16
86.37,53.83,77.03,55.13,147.81,1797.44,1369.27,162.47
86.28,54.12,76.53,53.75,148.23,1797.70,1364.46,162.14
85.42,54.16,77.89,53.43,144.50,1794.33,1370.82,160.29
85.36,55.04,76.67,53.17,152.33,1806.58,1370.91,160.70
86.31,54.03,76.76,53.76,147.63,1810.09,1363.85,163.82
87.12,55.13,76.51,52.87,146.31,1806.81,1361.53,156.65
84.76,55.59,76.65,54.29,148.69,1801.91,1364.99,162.87
85.04,54.13,76.75,53.04,151.72,1790.75,1369.28,157.30
87.63,53.13,76.82,53.69,148.98,1806.45,1358.62,160.14
87.27,53.83,76.00,53.18,153.33,1818.30,1347.79,165.16
89.92,53.85,75.90,52.64,154.60,1812.15,1347.65,160.64
86.47,54.36,76.97,53.67,148.45,1794.02,1369.24,163.79
86.24,51.30,75.83,54.00,149.64,1791.47,1359.53,159.13
86.50,54.12,75.68,52.43,152.58,1806.65,1360.43,155.09
85.13,53.00,78.17,53.01,153.39,1808.72,1370.01,164.28
86.72,54.09,77.04,52.49,152.33,1805.41,1362.56,162.66
85.99,54.00,76.72,53.67,147.73,1798.12,1363.47,163.56
85.00,54.12,76.79,54.00,148.32,1800.81,1369.34,160.94
84.95,53.70,76.02,52.12,148.53,1802.11,1368.68,157.66
86.42,53.30,76.84,52.98,148.85,1795.04,1362.50,158.44
85.95,54.80,75.77,53.73,149.11,1793.97,1368.01,155.86
85.16,55.19,76.12,52.92,151.82,1799.16,1371.70,159.96
86.71,54.13,76.57,53.62,151.25,1803.69,1368.32,160.42
86.24,55.20,74.89,53.76,146.17,1802.86,1364.52,159.78
86.52,54.51,77.08,53.05,144.82,1792.62,1374.92,160.74
85.64,53.66,76.98,54.06,151.06,1791.54,1363.39,160.14
86.30,53.66,77.67,54.13,147.25,1786.67,1357.65,161.98
84.48,54.24,76.65,54.26,151.10,1790.47,1368.20,161.37
85.83,54.16,77.71,53.41,146.91,1787.53,1369.15,162.99
85.21,53.98,75.81,53.76,144.54,1788.70,1364.70,157.46
85.21,54.02,77.08,53.23,150.59,1784.32,1363.55,155.67
85.62,52.45,77.58,53.88,148.01,1788.54,1371.05,161.45
86.99,53.36,77.47,53.50,148.77,1789.18,1366.26,159.85
83.57,54.65,76.35,51.31,146.59,1788.57,1373.59,160.03
85.87,54.61,76.89,54.35,149.77,1783.28,1366.46,158.72
85.51,52.88,76.92,53.67,146.09,1792.00,1361.90,159.39
85.58,53.69,76.02,53.75,146.06,1794.23,1361.72,159.29
86.42,51.67,76.48,53.28,146.02,1789.41,1369.30,161.39
82.74,53.82,77.58,53.54,146.02,1791.44,1364.32,158.90
86.17,53.64,78.14,52.55,144.44,1799.83,1368.37,162.61
85.74,54.28,74.87,52.52,146.97,1804.00,1360.13,163.03
85.73,54.21,77.17,52.42,152.48,1803.09,1373.54,159.62
84.47,54.96,75.56,53.63,148.94,1808.15,1398.23,159.79
81.70,55.14,77.10,53.92,147.31,1807.79,1375.21,159.16
86.02,54.00,76.06,52.87,150.53,1803.49,1368.05,159.00
85.73,53.10,76.60,53.13,150.88,1814.70,1373.75,159.31
85.45,53.79,75.71,54.77,144.95,1794.04,1371.64,159.70
86.33,54.83,77.35,53.28,143.81,1800.06,1352.06,159.57
87.84,54.90,76.84,53.72,148.23,1815.69,1354.46,158.81
87.91,54.47,77.58,52.51,152.30,1804.13,1355.03,161.32
88.09,55.00,78.49,54.21,148.48,1807.54,1372.72,162.30
84.88,54.64,76.82,54.62,148.47,1805.70,1373.66,162.31
86.34,53.95,76.66,53.05,150.30,1796.25,1376.28,161.89
84.20,52.94,77.77,53.62,149.30,1808.40,1346.27,163.74
